fdtd_step,time_a_over_c,normalized_source_real
0,0.0,3.7802731625669754e-06
1,0.005,3.877842780130403e-06
2,0.01,3.965935102695239e-06
3,0.015,4.043996659522901e-06
4,0.02,4.11149017512126e-06
5,0.025,4.167896759195092e-06
6,0.03,4.212718099854269e-06
7,0.035,4.245478652936062e-06
8,0.04,4.265727820351575e-06
9,0.045,4.273042109981295e-06
10,0.05,4.267027269688007e-06
11,0.055,4.2473203877333056e-06
12,0.06,4.213591951845532e-06
13,0.065,4.1655478591467165e-06
14,0.07,4.10293136895002e-06
15,0.075,4.025524990580527e-06
16,0.08,3.93315229815474e-06
17,0.085,3.825679664487045e-06
18,0.09,3.7030179061283046e-06
19,0.095,3.565123831737309e-06
20,0.1,3.412001686061962e-06
21,0.105,3.2437044818390416e-06
22,0.11,3.0603352122229048e-06
23,0.115,2.8620479363638016e-06
24,0.12,2.6490487311244366e-06
25,0.125,2.4215965020102373e-06
26,0.13,2.1800036467847267e-06
27,0.135,1.924636565446207e-06
28,0.14,1.655916010584693e-06
29,0.145,1.374317272540794e-06
30,0.15,1.0803701940752573e-06
31,0.155,7.746590097623149e-07
32,0.16,4.578220056714886e-07
33,0.165,1.305509954254948e-07
34,0.17,-2.0640939082863094e-07
35,0.17500000000000002,-5.52262607477921e-07
36,0.18,-9.061612869238438e-07
37,0.185,-1.2672085273401784e-06
38,0.19,-1.6344593759870203e-06
39,0.195,-2.0069225087073108e-06
40,0.2,-2.3835621057236177e-06
41,0.20500000000000002,-2.763299923058805e-06
42,0.21,-3.145017558440834e-06
43,0.215,-3.5275589097002127e-06
44,0.22,-3.909732823119384e-06
45,0.225,-4.29031592848902e-06
46,0.23,-4.668055656815579e-06
47,0.23500000000000001,-5.041673436132807e-06
48,0.24,-5.4098680599074255e-06
49,0.245,-5.771319222071184e-06
50,0.25,-6.124691211777125e-06
51,0.255,-6.468636760470602e-06
52,0.26,-6.801801033010391e-06
53,0.265,-7.122825753924743e-06
54,0.27,-7.430353459312815e-06
55,0.275,-7.723031863996085e-06
56,0.28,-7.999518333176469e-06
57,0.28500000000000003,-8.258484446840177e-06
58,0.29,-8.498620644977056e-06
59,0.295,-8.71864094060145e-06
60,0.3,-8.917287687424646e-06
61,0.305,-9.093336388223386e-06
62,0.31,-9.245600529420224e-06
63,0.315,-9.372936427208072e-06
64,0.32,-9.474248069614309e-06
65,0.325,-9.548491939070884e-06
66,0.33,-9.594681799099745e-06
67,0.335,-9.611893428911773e-06
68,0.34,-9.599269289120766e-06
69,0.34500000000000003,-9.556023101547638e-06
70,0.35000000000000003,-9.481444326205763e-06
71,0.355,-9.374902517930094e-06
72,0.36,-9.235851545564714e-06
73,0.365,-9.063833656107335e-06
74,0.37,-8.858483366691385e-06
75,0.375,-8.619531166888622e-06
76,0.38,-8.346807014479798e-06
77,0.385,-8.040243607570057e-06
78,0.39,-7.699879416480328e-06
79,0.395,-7.325861459145831e-06
80,0.4,-6.918447803924137e-06
81,0.405,-6.478009784518386e-06
82,0.41000000000000003,-6.005033911833972e-06
83,0.41500000000000004,-5.500123468552083e-06
84,0.42,-4.963999772486961e-06
85,0.425,-4.397503095772872e-06
86,0.43,-3.801593227518301e-06
87,0.435,-3.1773496684178136e-06
88,0.44,-2.5259714467752194e-06
89,0.445,-1.8487765461851436e-06
90,0.45,-1.1472009362716145e-06
91,0.455,-4.227971987851618e-07
92,0.46,3.227672574016504e-07
93,0.465,1.0877123978367093e-06
94,0.47000000000000003,1.8701481846737584e-06
95,0.47500000000000003,2.6680776224764004e-06
96,0.48,3.479400229223815e-06
97,0.485,4.301915932876105e-06
98,0.49,5.133329392332343e-06
99,0.495,5.971254740445927e-06
100,0.5,6.813220745050043e-06
101,0.505,7.656676382735578e-06
102,0.51,8.498996818545654e-06
103,0.515,9.337489783130715e-06
104,0.52,1.0169402337748479e-05
105,0.525,1.0991928015466224e-05
106,0.53,1.1802214326006044e-05
107,0.535,1.2597370609511145e-05
108,0.54,1.3374476223628543e-05
109,0.545,1.4130589046217177e-05
110,0.55,1.4862754275040438e-05
111,0.555,1.556801350391664e-05
112,0.56,1.624341405350988e-05
113,0.5650000000000001,1.688601853377181e-05
114,0.5700000000000001,1.7492914613150923e-05
115,0.5750000000000001,1.806122496906892e-05
116,0.58,1.858811739203097e-05
117,0.585,1.9070815015499248e-05
118,0.59,1.9506606641574813e-05
119,0.595,1.9892857132006093e-05
120,0.6,2.0227017833051772e-05
121,0.605,2.0506637001124557e-05
122,0.61,2.0729370196350507e-05
123,0.615,2.089299060912811e-05
124,0.62,2.099539928540332e-05
125,0.625,2.103463521448142e-05
126,0.63,2.1008885243822564e-05
127,0.635,2.0916493784190505e-05
128,0.64,2.0755972268242638e-05
129,0.645,2.0526008326155998e-05
130,0.65,2.0225474640716938e-05
131,0.655,1.985343744555833e-05
132,0.66,1.9409164629323066e-05
133,0.665,1.8892133409821183e-05
134,0.67,1.830203754166798e-05
135,0.675,1.7638794022516458e-05
136,0.68,1.6902549262733974e-05
137,0.685,1.6093684684719352e-05
138,0.6900000000000001,1.5212821719095478e-05
139,0.6950000000000001,1.4260826165447598e-05
140,0.7000000000000001,1.3238811887449237e-05
141,0.705,1.2148143812511404e-05
142,0.71,1.0990440208540108e-05
143,0.715,9.767574211256515e-06
144,0.72,8.481674577578662e-06
145,0.725,7.13512564257009e-06
146,0.73,5.730566458941982e-06
147,0.735,4.270889100802272e-06
148,0.74,2.7592361149917686e-06
149,0.745,1.1989971060934343e-06
150,0.75,-4.0619555664561624e-07
151,0.755,-2.0524719195863155e-06
152,0.76,-3.7357305186909765e-06
153,0.765,-5.451645351031607e-06
154,0.77,-7.195673744882182e-06
155,0.775,-8.963065126432935e-06
156,0.78,-1.0748870678527936e-05
157,0.785,-1.2547953883444951e-05
158,0.79,-1.4355001939010453e-05
159,0.795,-1.6164538034144703e-05
160,0.8,-1.797093446662538e-05
161,0.805,-1.976842658313239e-05
162,0.81,-2.155112751792452e-05
163,0.8150000000000001,-2.3313043703857792e-05
164,0.8200000000000001,-2.504809112578445e-05
165,0.8250000000000001,-2.675011228371183e-05
166,0.8300000000000001,-2.8412893829454823e-05
167,0.835,-3.0030184837960166e-05
168,0.84,-3.159571567092618e-05
169,0.845,-3.310321738769692e-05
170,0.85,-3.4546441655355345e-05
171,0.855,-3.591918110709785e-05
172,0.86,-3.7215290095252855e-05
173,0.865,-3.842870578264992e-05
174,0.87,-3.955346951350324e-05
175,0.875,-4.0583748402580564e-05
176,0.88,-4.15138570791389e-05
177,0.885,-4.23382795200751e-05
178,0.89,-4.305169090446484e-05
179,0.895,-4.364897942049556e-05
180,0.9,-4.412526795330827e-05
181,0.905,-4.4475935581790626e-05
182,0.91,-4.4696638810137356e-05
183,0.915,-4.47833324599765e-05
184,0.92,-4.473229014706567e-05
185,0.925,-4.454012426691561e-05
186,0.93,-4.4203805412497055e-05
187,0.935,-4.3720681147586056e-05
188,0.9400000000000001,-4.30884940595006e-05
189,0.9450000000000001,-4.230539901458264e-05
190,0.9500000000000001,-4.136997954167065e-05
191,0.9550000000000001,-4.0281263268415195e-05
192,0.96,-3.9038736337330764e-05
193,0.965,-3.76423567294521e-05
194,0.97,-3.6092566425334065e-05
195,0.975,-3.439030233501857e-05
196,0.98,-3.253700593071148e-05
197,0.985,-3.053463151884109e-05
198,0.99,-2.8385653090174524e-05
199,0.995,-2.6093069690507673e-05
200,1.0,-2.3660409257153944e-05
201,1.0050000000000001,-2.109173087033525e-05
202,1.01,-1.8391625372118464e-05
203,1.0150000000000001,-1.5565214309927502e-05
204,1.02,-1.2618147165600315e-05
205,1.025,-9.556596835684756e-06
206,1.03,-6.387253333473892e-06
207,1.035,-3.117315687987939e-06
208,1.04,2.4551797942816956e-07
209,1.045,3.693062215057615e-06
210,1.05,7.216657837871602e-06
211,1.055,1.0807187392590208e-05
212,1.06,1.4455092447648437e-05
213,1.065,1.815039272926236e-05
214,1.07,2.188270707621572e-05
215,1.075,2.5641276194450832e-05
216,1.08,2.941498718338606e-05
217,1.085,3.319239980031892e-05
218,1.09,3.696177442240545e-05
219,1.095,4.071110165915267e-05
220,1.1,4.4428133562526445e-05
221,1.105,4.8100416374405214e-05
222,1.11,5.171532474576195e-05
223,1.115,5.526009735427734e-05
224,1.12,5.8721873842526655e-05
225,1.125,6.208773299067791e-05
226,1.1300000000000001,6.534473203356945e-05
227,1.135,6.847994702446973e-05
228,1.1400000000000001,7.148051414309598e-05
229,1.145,7.433367183959126e-05
230,1.1500000000000001,7.702680370039393e-05
231,1.155,7.954748191782806e-05
232,1.16,8.188351123911493e-05
233,1.165,8.402297326690522e-05
234,1.17,8.595427097866038e-05
235,1.175,8.766617332835464e-05
236,1.18,8.914785979050536e-05
237,1.185,9.038896470262132e-05
238,1.19,9.137962126074781e-05
239,1.195,9.211050501788817e-05
240,1.2,9.2572876736225e-05
241,1.205,9.275862443887579e-05
242,1.21,9.266030450896405e-05
243,1.215,9.227118168056629e-05
244,1.22,9.158526776784603e-05
245,1.225,9.059735897725663e-05
246,1.23,8.930307164950882e-05
247,1.235,8.769887627941543e-05
248,1.24,8.578212966189812e-05
249,1.245,8.355110501742999e-05
250,1.25,8.100501995036441e-05
251,1.2550000000000001,7.814406209871016e-05
252,1.26,7.49694123371992e-05
253,1.2650000000000001,7.148326540003212e-05
254,1.27,6.768884779476757e-05
255,1.2750000000000001,6.359043288399824e-05
256,1.28,5.919335301859666e-05
257,1.285,5.450400861105459e-05
258,1.29,4.9529874046546646e-05
259,1.295,4.427950033561877e-05
260,1.3,3.87625144208468e-05
261,1.305,3.298961505875062e-05
262,1.31,2.6972565206740543e-05
263,1.315,2.0724180854734163e-05
264,1.32,1.4258316250748426e-05
265,1.325,7.589845480333854e-06
266,1.33,7.346403701551404e-07
267,1.335,-6.290455302911527e-06
268,1.34,-1.3467655304239535e-05
269,1.345,-2.0778264131091378e-05
270,1.35,-2.820271388308773e-05
271,1.355,-3.572060478496135e-05
272,1.36,-4.331074932077233e-05
273,1.365,-5.095121992597728e-05
274,1.37,-5.861940017173803e-05
275,1.375,-6.62920393622091e-05
276,1.3800000000000001,-7.394531045356114e-05
277,1.385,-8.155487119034046e-05
278,1.3900000000000001,-8.90959283415845e-05
279,1.395,-9.65433049078313e-05
280,1.4000000000000001,-0.00010387151015510387
281,1.405,-0.00011105481232283183
282,1.41,-0.00011806731383672002
283,1.415,-0.00012488302884908916
284,1.42,-0.00013147596291450948
285,1.425,-0.0001378201945999935
286,1.43,-0.0001438899588153295
287,1.435,-0.00014965973164061093
288,1.44,-0.00015510431641713984
289,1.445,-0.0001601989308575765
290,1.45,-0.00016491929492424366
291,1.455,-0.0001692417192134444
292,1.46,-0.000173143193577863
293,1.465,-0.00017660147571107803
294,1.47,-0.00017959517941194884
295,1.475,-0.0001821038622414235
296,1.48,-0.00018410811227770812
297,1.485,-0.00018558963367597877
298,1.49,-0.000186531330728443
299,1.495,-0.0001869173901267266
300,1.5,-0.0001867333611203244
301,1.5050000000000001,-0.0001859662332674528
302,1.51,-0.00018460451147589793
303,1.5150000000000001,-0.0001826382880303173
304,1.52,-0.00018005931130765765
305,1.5250000000000001,-0.00017686105088305376
306,1.53,-0.00017303875873764406
307,1.5350000000000001,-0.00016858952627826882
308,1.54,-0.00016351233689390745
309,1.545,-0.00015780811377445397
310,1.55,-0.000151479762730315
311,1.555,-0.000144532209759412
312,1.56,-0.00013697243311937355
313,1.565,-0.0001288094896748037
314,1.57,-0.00012005453530120623
315,1.575,-0.0001107208391437133
316,1.58,-0.00010082379153953199
317,1.585,-9.038090543286125e-05
318,1.59,-7.941181112505471e-05
319,1.595,-6.79382442214964e-05
320,1.6,-5.598402665486642e-05
321,1.605,-4.357504068378956e-05
322,1.61,-3.073919578569128e-05
323,1.615,-1.7506388383711915e-05
324,1.62,-3.908454368726412e-06
325,1.625,1.0020885600271826e-05
326,1.6300000000000001,2.42460880118617e-05
327,1.635,3.872985560473785e-05
328,1.6400000000000001,5.343321360510338e-05
329,1.645,6.831559302221393e-05
330,1.6500000000000001,8.333492090166708e-05
331,1.655,9.844771741147125e-05
332,1.6600000000000001,0.00011360919961103652
333,1.665,0.0001287733917289807
334,1.67,0.00014389324175030307
335,1.675,0.00015892074408956208
336,1.68,0.00017380706810166807
337,1.685,0.000188502692157081
338,1.69,0.00020295754298681586
339,1.695,0.00021712113997409346
340,1.7,0.00023094274405347545
341,1.705,0.0002443715108477774
342,1.71,0.00025735664765870605
343,1.715,0.00026984757389966963
344,1.72,0.0002817940845448585
345,1.725,0.00029314651614374703
346,1.73,0.0003038559149352751
347,1.735,0.0003138742065794383
348,1.74,0.0003231543670017501
349,1.745,0.00033165059384108076
350,1.75,0.00033931847796766276
351,1.7550000000000001,0.00034611517453254654
352,1.76,0.00035199957299608995
353,1.7650000000000001,0.000356932465574413
354,1.77,0.0003608767135357876
355,1.7750000000000001,0.0003637974107695696
356,1.78,0.00036566204405362863
357,1.7850000000000001,0.0003664406494320468
358,1.79,0.00036610596412552603
359,1.795,0.00036463357339090816
360,1.8,0.00036200205175013065
361,1.805,0.0003581930980175695
362,1.81,0.000353191663555608
363,1.815,0.00034698607320259625
364,1.82,0.0003395681383221898
365,1.825,0.0003309332614448576
366,1.83,0.00032108053197320025
367,1.835,0.0003100128124551854
368,1.84,0.000297736814935084
369,1.845,0.0002842631669199301
370,1.85,0.00026960646651919186
371,1.855,0.00025378532634000235
372,1.86,0.00023682240574759706
373,1.865,0.00021874443112678552
374,1.87,0.00019958220381327156
375,1.875,0.0001793705953922249
376,1.8800000000000001,0.00015814853009671093
377,1.885,0.00013595895407347624
378,1.8900000000000001,0.00011284879131888153
379,1.895,8.886888612757396e-05
380,1.9000000000000001,6.407393193315785e-05
381,1.905,3.852238646421742e-05
382,1.9100000000000001,1.2276373176363904e-05
383,1.915,-1.4598431032192504e-05
384,1.92,-4.2032921773147645e-05
385,1.925,-6.995470669473688e-05
386,1.93,-9.828825844371656e-05
387,1.935,-0.00012695508087786215
388,1.94,-0.00015587388829865122
389,1.945,-0.00018496079742663006
390,1.95,-0.00021412953179650686
391,1.955,-0.00024329163820136667
392,1.96,-0.00027235671476955243
393,1.965,-0.00030123265021208585
394,1.97,-0.00032982587373178344
395,1.975,-0.0003580416150423736
396,1.98,-0.0003857841738968216
397,1.985,-0.0004129571984910102
398,1.99,-0.0004394639720504796
399,1.995,-0.00046520770688592055
400,2.0,-0.0004900918451474719
401,2.005,-0.0005140203654805585
402,2.0100000000000002,-0.0005368980947422185
403,2.015,-0.0005586310239098436
404,2.02,-0.000579126627277557
405,2.025,-0.0005982941839992512
406,2.0300000000000002,-0.000616045101029873
407,2.035,-0.000632293236460325
408,2.04,-0.0006469552222507793
409,2.045,-0.0006599507853218155
410,2.05,-0.0006712030659602303
411,2.055,-0.0006806389324761693
412,2.06,-0.0006881892910382679
413,2.065,-0.0006937893896069979
414,2.07,-0.000697379114874765
415,2.075,-0.0006989032811366554
416,2.08,-0.000698311909989947
417,2.085,-0.0006955604997983428
418,2.09,-0.0006906102838401137
419,2.095,-0.0006834284760828613
420,2.1,-0.0006739885035491769
421,2.105,-0.0006622702242398708
422,2.11,-0.0006482601296311477
423,2.115,-0.0006319515307565247
424,2.12,-0.0006133447269529907
425,2.125,-0.0005924471563471085
426,2.13,-0.0005692735272288736
427,2.1350000000000002,-0.0005438459294784116
428,2.14,-0.0005161939252688196
429,2.145,-0.00048635461831628715
430,2.15,-0.0004543727009909591
431,2.1550000000000002,-0.000420300478675357
432,2.16,-0.00038419787079514207
433,2.165,-0.00034613238802653253
434,2.17,-0.00030617908523717134
435,2.1750000000000003,-0.00026442048979102774
436,2.18,-0.00022094650491531943
437,2.185,-0.00017585428789989918
438,2.19,-0.0001292481029769558
439,2.195,-8.123914880001154e-05
440,2.2,-3.194536052665984e-05
441,2.205,1.8508813415797673e-05
442,2.21,6.999265971782574e-05
443,2.215,0.0001223694734817038
444,2.22,0.00017549685609362356
445,2.225,0.00022922703725771756
446,2.23,0.0002834072206915767
447,2.235,0.00033787995290228217
448,2.24,0.0003924835143653509
449,2.245,0.0004470523323584005
450,2.25,0.0005014174146050967
451,2.255,0.0005554068028078938
452,2.2600000000000002,0.0006088460450638438
453,2.265,0.0006615586860767502
454,2.27,0.0007133667740016993
455,2.275,0.0007640913826744497
456,2.2800000000000002,0.0008135531479199053
457,2.285,0.0008615728165329568
458,2.29,0.0009079718064913618
459,2.295,0.000952572776864362
460,2.3000000000000003,0.0009952002058311363
461,2.305,0.0010356809751719605
462,2.31,0.0010738449595151392
463,2.315,0.0011095256186109505
464,2.32,0.0011425605908060106
465,2.325,0.0011727922859130968
466,2.33,0.0012000684755668963
467,2.335,0.0012242428791883668
468,2.34,0.0012451757436064868
469,2.345,0.0012627344143933347
470,2.35,0.0012767938969456354
471,2.355,0.0012872374053303345
472,2.36,0.0012939568969309492
473,2.365,0.001296853590899491
474,2.37,0.001295838468476156
475,2.375,0.0012908327532036685
476,2.38,0.001281768369130909
477,2.3850000000000002,0.001268588375104631
478,2.39,0.0012512473732844602
479,2.395,0.0012297118900861461
480,2.4,0.0012039607277554766
481,2.4050000000000002,0.0011739852849012894
482,2.41,0.0011397898443035565
483,2.415,0.0011013918264504306
484,2.42,0.001058822007278517
485,2.4250000000000003,0.0010121246987132944
486,2.43,0.0009613578906686085
487,2.435,0.0009065933532662735
488,2.44,0.0008479166981519179
489,2.445,0.0007854273978526144
490,2.45,0.0007192387622798623
491,2.455,0.0006494778715523043
492,2.46,0.0005762854644707736
493,2.465,0.000499815782077402
494,2.47,0.00042023636587696755
495,2.475,0.0003377278104259574
496,2.48,0.00025248347013154374
497,2.485,0.00016470912025161043
498,2.49,7.46225722180745e-05
499,2.495,-1.7546756433502087e-05
500,2.5,-0.00011155831710819805
501,2.505,-0.0002071609495913257
502,2.5100000000000002,-0.00030409344516021155
503,2.515,-0.0004020851524858388
504,2.52,-0.0005008566252980397
505,2.525,-0.0006001203106223619
506,2.5300000000000002,-0.0006995812762656171
507,2.535,-0.0007989379760496142
508,2.54,-0.0008978830511724736
509,2.545,-0.000996104165905498
510,2.5500000000000003,-0.001093284875706723
511,2.555,-0.0011891055256835527
512,2.56,-0.0012832441771966872
513,2.565,-0.001375377560281511
514,2.57,-0.0014651820494029802
515,2.575,-0.0015523346599858353
516,2.58,-0.0016365140629796989
517,2.585,-0.0017174016146796818
518,2.59,-0.0017946823988606267
519,2.595,-0.0018680462782104902
520,2.6,-0.0019371889519742733
521,2.605,-0.002001813016589777
522,2.61,-0.0020616290260980583
523,2.615,-0.002116356548948704
524,2.62,-0.0021657252178844365
525,2.625,-0.002209475769415439
526,2.63,-0.0022473610694778577
527,2.6350000000000002,-0.0022791471217558966
528,2.64,-0.0023046140551789087
529,2.645,-0.002323557087101799
530,2.65,-0.002335787458637929
531,2.6550000000000002,-0.0023411333387128785
532,2.66,-0.00233944069334262
533,2.665,-0.00233057411676753
534,2.67,-0.0023144176210598967
535,2.6750000000000003,-0.00229087538092786
536,2.68,-0.002259872430500661
537,2.685,-0.002221355308952165
538,2.69,-0.002175292651971284
539,2.695,-0.0021216757261060142
540,2.7,-0.0020605189032524866
541,2.705,-0.00199186007256173
542,2.71,-0.0019157609873023441
543,2.715,-0.0018323075442754294
544,2.72,-0.0017416099936134301
545,2.725,-0.0016438030769266978
546,2.73,-0.0015390460919608568
547,2.735,-0.0014275228821461101
548,2.74,-0.0013094417495673762
549,2.745,-0.0011850352901668479
550,2.75,-0.001054560150151295
551,2.755,-0.000918296702839111
552,2.7600000000000002,-0.0007765486454064399
553,2.765,-0.0006296425152276493
554,2.77,-0.00047792712576577047
555,2.775,-0.00032177292220049013
556,2.7800000000000002,-0.00016157125726113503
557,2.785,2.2664120332032806e-06
558,2.79,0.00016930940574129427
559,2.795,0.0003391087792417194
560,2.8000000000000003,0.0005111983568367731
561,2.805,0.0006850958389556361
562,2.81,0.0008603039809096968
563,2.815,0.001036311840915543
564,2.82,0.0012125960948013196
565,2.825,0.0013886224146043749
566,2.83,0.00156384690795509
567,2.835,0.0017377176149501752
568,2.84,0.0019096760589230996
569,2.845,0.0020791588473219875
570,2.85,0.002245599318651607
571,2.855,0.002408429231209665
572,2.86,0.0025670804891838503
573,2.865,0.002720986901375484
574,2.87,0.0028695859677524897
575,2.875,0.0030123206887309184
576,2.88,0.0031486413920081744
577,2.8850000000000002,0.003278007571558813
578,2.89,0.003399889733300974
579,2.895,0.0035137712418010754
580,2.9,0.0036191501622419462
581,2.9050000000000002,0.0037155410918870264
582,2.91,0.0038024769750329705
583,2.915,0.003879510895563785
584,2.92,0.003946217841032002
585,2.9250000000000003,0.0040021964322406196
586,2.93,0.004047070612295632
587,2.935,0.004080491289049835
588,2.94,0.0041021379250024146
589,2.945,0.004111720068612262
590,2.95,0.004108978821253883
591,2.955,0.004093688233911496
592,2.96,0.004065656628034748
593,2.965,0.004024727834945962
594,2.97,0.003970782348422196
595,2.975,0.0039037383852456226
596,2.98,0.003823552848644795
597,2.985,0.003730222189867852
598,2.99,0.003623783163209165
599,2.995,0.003504313470237787
600,3.0,0.0033719322890536875
601,3.005,0.003226800684847514
602,3.0100000000000002,0.003069121898227497
603,3.015,0.002899141508141735
604,3.02,0.002717147466575806
605,3.025,0.0025234700024794558
606,3.0300000000000002,0.002318481392854046
607,3.035,0.002102595599181113
608,3.04,0.0018762677678754018
609,3.045,0.001639993593760868
610,3.0500000000000003,0.0013943085460354121
611,3.055,0.0011397869565752216
612,3.06,0.0008770409708757109
613,3.065,0.0006067193623643893
614,3.0700000000000003,0.000329506211237948
615,3.075,4.611944945675486e-05
616,3.08,-0.00024269072605358818
617,3.085,-0.0005361435694740444
618,3.09,-0.0008334296284728813
619,3.095,-0.0011337127094849335
620,3.1,-0.0014361319620261306
621,3.105,-0.0017398040777327774
622,3.11,-0.002043825599405692
623,3.115,-0.0023472753348488737
624,3.12,-0.002649216869950013
625,3.125,-0.002948701174964032
626,3.13,-0.00324476929759984
627,3.1350000000000002,-0.003536455136124527
628,3.14,-0.0038227882852927154
629,3.145,-0.00410279694760144
630,3.15,-0.004375510901948597
631,3.1550000000000002,-0.004639964521588491
632,3.16,-0.004895199832777471
633,3.165,-0.005140269605438332
634,3.17,-0.005374240466741469
635,3.1750000000000003,-0.005596196028346766
636,3.18,-0.0058052400178539125
637,3.185,-0.0060004994047334
638,3.19,-0.006181127511010615
639,3.1950000000000003,-0.006346307096622718
640,3.2,-0.006495253409550403
641,3.205,-0.0066272171904446465
642,3.21,-0.006741487621712535
643,3.215,-0.00683739521082075
644,3.22,-0.0069143145976790915
645,3.225,-0.006971667276047674
646,3.23,-0.007008924218886624
647,3.235,-0.00702560839787998
648,3.24,-0.007021297187249688
649,3.245,-0.006995624642497175
650,3.25,-0.006948283644571851
651,3.255,-0.006879027900540183
652,3.2600000000000002,-0.006787673791897525
653,3.265,-0.006674102062064202
654,3.27,-0.006538259335026507
655,3.275,-0.00638015945726392
656,3.2800000000000002,-0.006199884655817712
657,3.285,-0.005997586505468445
658,3.29,-0.005773486698768648
659,3.295,-0.005527877612940845
660,3.3000000000000003,-0.005261122668340012
661,3.305,-0.004973656473658231
662,3.31,-0.004665984753621006
663,3.315,-0.004338684055635564
664,3.3200000000000003,-0.003992401232282257
665,3.325,-0.003627852697429966
666,3.33,-0.003245823454193206
667,3.335,-0.0028471658937988583
668,3.34,-0.0024327983650300087
669,3.345,-0.0020037035146772404
670,3.35,-0.0015609264001174288
671,3.355,-0.0011055723758886576
672,3.36,-0.0006388047568730766
673,3.365,-0.0001618422614119612
674,3.37,0.00032404376153638873
675,3.375,0.000817532316373463
676,3.38,0.001317255950395203
677,3.3850000000000002,0.0018218041425550214
678,3.39,0.002329726884426144
679,3.395,0.0028395384455871006
680,3.4,0.0033497213149292376
681,3.4050000000000002,0.0038587303087680978
682,3.41,0.004364996835821962
683,3.415,0.00486693330862735
684,3.42,0.0053629376901820555
685,3.4250000000000003,0.005851398164060989
686,3.43,0.006330697915683789
687,3.435,0.006799220011745389
688,3.44,0.007255352364479736
689,3.4450000000000003,0.007697492766665573
690,3.45,0.008124053983158123
691,3.455,0.008533468883936959
692,3.46,0.008924195603614177
693,3.465,0.00929472271177319
694,3.47,0.009643574378292205
695,3.475,0.009969315517607312
696,3.48,0.01027055689548677
697,3.485,0.010545960182008204
698,3.49,0.010794242933925197
699,3.495,0.01101418349003545
700,3.5,0.011204625762617198
701,3.505,0.01136448390852365
702,3.5100000000000002,0.011492746863287577
703,3.515,0.011588482721846616
704,3.52,0.01165084294982775
705,3.525,0.011679066409224625
706,3.5300000000000002,0.011672483183139569
707,3.535,0.011630518184027834
708,3.54,0.011552694530854437
709,3.545,0.011438636680593512
710,3.5500000000000003,0.01128807330033944
711,3.555,0.01110083986669918
712,3.56,0.010876880979762997
713,3.565,0.010616252379842239
714,3.5700000000000003,0.010319122655457877
715,3.575,0.009985774632379343
716,3.58,0.009616606433825692
717,3.585,0.009212132203160478
718,3.59,0.008772982481112045
719,3.595,0.008299904230601783
720,3.6,0.007793760503196552
721,3.605,0.007255529742175302
722,3.61,0.006686304718425846
723,3.615,0.006087291096158448
724,3.62,0.005459805626888812
725,3.625,0.004805273970957455
726,3.63,0.004125228147200208
727,3.6350000000000002,0.0034213036124717032
728,3.64,0.0026952359739073574
729,3.645,0.0019488573380267327
730,3.65,0.0011840923019375833
731,3.6550000000000002,0.00040295359315824876
732,3.66,-0.00039246263429142906
733,3.665,-0.001199981838622423
734,3.67,-0.0020173564537844676
735,3.6750000000000003,-0.002842271566483234
736,3.68,-0.0036723508943314223
737,3.685,-0.004505163051548351
738,3.69,-0.0053382280876059065
739,3.6950000000000003,-0.00616902428297802
740,3.7,-0.006994995185317484
741,3.705,-0.007813556868075293
742,3.71,-0.008622105392880244
743,3.715,-0.009418024455857493
744,3.72,-0.010198693197224837
745,3.725,-0.01096149415275171
746,3.73,-0.011703821324665825
747,3.735,-0.012423088349177863
748,3.74,-0.013116736736678916
749,3.745,-0.013782244160618658
750,3.75,-0.014417132769891223
751,3.755,-0.015018977499674136
752,3.7600000000000002,-0.015585414354845022
753,3.765,-0.016114148639908805
754,3.77,-0.016602963109298454
755,3.775,-0.01704972601123053
756,3.7800000000000002,-0.017452398998946763
757,3.785,-0.017809044882314044
758,3.79,-0.018117835193619727
759,3.795,-0.018377057540891736
760,3.8000000000000003,-0.018585122722788647
761,3.805,-0.018740571579157476
762,3.81,-0.018842081551753462
763,3.815,-0.01888847293049267
764,3.8200000000000003,-0.018878714760428728
765,3.825,-0.01881193038627597
766,3.83,-0.018687402611141855
767,3.835,-0.018504578447620063
768,3.84,-0.018263073439913874
769,3.845,-0.01796267553690211
770,3.85,-0.01760334849697989
771,3.855,-0.01718523480662736
772,3.86,-0.016708658096236745
773,3.865,-0.016174125037325748
774,3.87,-0.015582326707517967
775,3.875,-0.014934139410272976
776,3.88,-0.014230624938434338
777,3.8850000000000002,-0.013473030271869824
778,3.89,-0.01266278670126857
779,3.895,-0.011801508371747595
780,3.9,-0.01089099024151174
781,3.9050000000000002,-0.00993320545289993
782,3.91,-0.00893030211439947
783,3.915,-0.00788459949457493
784,3.92,-0.006798583630272803
785,3.9250000000000003,-0.005674902353540349
786,3.93,-0.00451635974352175
787,3.935,-0.0033259100114115953
788,3.94,-0.0021066508285677793
789,3.9450000000000003,-0.0008618161095898425
790,3.95,0.00040523173576904057
791,3.955,0.0016910100662747177
792,3.96,0.0029919247709586944
793,3.9650000000000003,0.00430427950964997
794,3.97,0.005624285411182607
795,3.975,0.0069480712065166875
796,3.98,0.008271693772117344
797,3.985,0.009591149057578659
798,3.99,0.01090238336950655
799,3.995,0.012201304982589613
800,4.0,0.01348379604682348
801,4.005,0.014745724758934022
802,4.01,0.01598295776439902
803,4.015,0.017191372755361513
804,4.0200000000000005,0.018366871228647014
805,4.025,0.019505391366917004
806,4.03,0.020602921005150068
807,4.035,0.021655510643757262
808,4.04,0.022659286468923432
809,4.045,0.023610463340070567
810,4.05,0.024505357703990146
811,4.055,0.025340400394618295
812,4.0600000000000005,0.026112149277229473
813,4.065,0.026817301695816816
814,4.07,0.027452706682096175
815,4.075,0.028015376885064752
816,4.08,0.028502500179945867
817,4.085,0.028911450915974177
818,4.09,0.02923980076277775
819,4.095,0.029485329115982215
820,4.1,0.029646033023199427
821,4.105,0.02972013659256403
822,4.11,0.02970609984715313
823,4.115,0.0296026269894484
824,4.12,0.029408674041706107
825,4.125,0.02912345582917977
826,4.13,0.028746452274821154
827,4.135,0.028277413975845614
828,4.14,0.027716367034091572
829,4.1450000000000005,0.027063617114237066
830,4.15,0.026319752705730552
831,4.155,0.025485647566645314
832,4.16,0.024562462329547195
833,4.165,0.023551645252135173
834,4.17,0.022454932097493385
835,4.175,0.021274345131415535
836,4.18,0.02001219122684903
837,4.1850000000000005,0.018671059067973877
838,4.19,0.01725381544924412
839,4.195,0.01576360066738518
840,4.2,0.014203823007145717
841,4.205,0.01257815232438406
842,4.21,0.010890512732970328
843,4.215,0.009145074404812804
844,4.22,0.007346244495182924
845,4.225,0.005498657208479471
846,4.23,0.0036071630223469403
847,4.235,0.0016768170910198648
848,4.24,-0.0002871331484525545
849,4.245,-0.0022792611405932184
850,4.25,-0.0042939751172342
851,4.255,-0.006325532712636404
852,4.26,-0.00836805625334499
853,4.265,-0.010415548685515887
854,4.2700000000000005,-0.012461910100030556
855,4.275,-0.01450095481316888
856,4.28,-0.016526428958372176
857,4.285,-0.01853202854235556
858,4.29,-0.020511417916762923
859,4.295,-0.02245824861446167
860,4.3,-0.024366178497906614
861,4.305,-0.02622889116506526
862,4.3100000000000005,-0.028040115556910557
863,4.315,-0.0297936457091831
864,4.32,-0.031483360589538045
865,4.325,-0.03310324396048163
866,4.33,-0.03464740420721184
867,4.335,-0.03611009406898067
868,4.34,-0.03748573021177806
869,4.345,-0.0387689125800416
870,4.3500000000000005,-0.03995444346457855
871,4.355,-0.04103734622399471
872,4.36,-0.04201288359730996
873,4.365,-0.04287657554532299
874,4.37,-0.04362421655946912
875,4.375,-0.04425189237714521
876,4.38,-0.04475599604384567
877,4.385,-0.04513324326330555
878,4.39,-0.045380686978581074
879,4.3950000000000005,-0.045495731128200274
880,4.4,-0.04547614352343623
881,4.405,-0.04532006779492378
882,4.41,-0.04502603435845622
883,4.415,-0.04459297035277471
884,4.42,-0.044020208504141
885,4.425,-0.043307494875389735
886,4.43,-0.042454995460150906
887,4.4350000000000005,-0.04146330158560609
888,4.44,-0.04033343409061532
889,4.445,-0.03906684624922328
890,4.45,-0.03766542541306385
891,4.455,-0.036131493349676067
892,4.46,-0.034467805257663096
893,4.465,-0.03267754744319103
894,4.47,-0.030764333646371565
895,4.4750000000000005,-0.028732200010179273
896,4.48,-0.026585598688408967
897,4.485,-0.024329390093540074
898,4.49,-0.021968833789484894
899,4.495,-0.019509578038490356
900,4.5,-0.01695764801568319
901,4.505,-0.014319432709161467
902,4.51,-0.011601670527724579
903,4.515,-0.008811433642656305
904,4.5200000000000005,-0.005956111094329677
905,4.525,-0.0030433906984911625
906,4.53,-8.12397913930156e-05
907,4.535,0.002922115143024407
908,4.54,0.005958209916606273
909,4.545,0.009018365099893764
910,4.55,0.012093709449423673
911,4.555,0.015175204240612547
912,4.5600000000000005,0.01825366844382211
913,4.565,0.021319804677850114
914,4.57,0.024364225871607255
915,4.575,0.02737748256187907
916,4.58,0.03035009075187187
917,4.585,0.033272560252722475
918,4.59,0.036135423427377356
919,4.595,0.03892926425422969
920,4.6000000000000005,0.04164474762549404
921,4.605,0.04427264879353219
922,4.61,0.046803882876994385
923,4.615,0.04922953433667505
924,4.62,0.05154088633059845
925,4.625,0.05372944985641388
926,4.63,0.05578699258884377
927,4.635,0.05770556731983615
928,4.64,0.05947753990861939
929,4.6450000000000005,0.06109561664958971
930,4.65,0.06255287096609612
931,4.655,0.06384276933963641
932,4.66,0.06495919638430434
933,4.665,0.06589647897870884
934,4.67,0.06664940936857092
935,4.675,0.06721326715552803
936,4.68,0.06758384009023997
937,4.6850000000000005,0.06775744358995252
938,4.69,0.06773093890403595
939,4.695,0.06750174985393229
940,4.7,0.06706787807749721
941,4.705,0.06642791671118142
942,4.71,0.06558106244790539
943,4.715,0.06452712591213036
944,4.72,0.06326654029832363
945,4.7250000000000005,0.06180036822385647
946,4.73,0.0601303067517591
947,4.735,0.05825869054424768
948,4.74,0.05618849311296014
949,4.745,0.053923326137383515
950,4.75,0.05146743682833255
951,4.755,0.04882570331944392
952,4.76,0.04600362807505736
953,4.765,0.043007329309077025
954,4.7700000000000005,0.03984353041553645
955,4.775,0.036519547417423026
956,4.78,0.03304327444681079
957,4.785,0.029423167275391487
958,4.79,0.02566822492085827
959,4.795,0.021787969360715493
960,4.8,0.017792423391516963
961,4.805,0.013692086677506664
962,4.8100000000000005,0.009497910038946006
963,4.815,0.005221268036403846
964,4.82,0.0008739299132283631
965,4.825,-0.003531971035670281
966,4.83,-0.007983969594959938
967,4.835,-0.012469302180567661
968,4.84,-0.0169749417271589
969,4.845,-0.02148763382153827
970,4.8500000000000005,-0.025993933987056326
971,4.855,-0.030480246019322275
972,4.86,-0.034932861269290974
973,4.865,-0.03933799876510076
974,4.87,-0.043681846060648434
975,4.875,-0.047950600694745674
976,4.88,-0.05213051214174116
977,4.885,-0.05620792413115234
978,4.89,-0.06016931721160104
979,4.8950000000000005,-0.06400135143162208
980,4.9,-0.0676909090080824
981,4.905,-0.07122513685178204
982,4.91,-0.07459148881775851
983,4.915,-0.07777776754806426
984,4.92,-0.08077216577353526
985,4.925,-0.08356330694141949
986,4.93,-0.08614028503646237
987,4.9350000000000005,-0.08849270346321253
988,4.94,-0.09061071285918387
989,4.945,-0.09248504770985237
990,4.95,-0.0941070616387619
991,4.955,-0.09546876124816933
992,4.96,-0.09656283838927156
993,4.965,-0.09738270074363378
994,4.97,-0.0979225006015254
995,4.9750000000000005,-0.09817716172737921
996,4.98,-0.09814240420634131
997,4.985,-0.09781476717149455
998,4.99,-0.09719162931626488
999,4.995,-0.09627122710236358
1000,5.0,-0.09505267057926765
1001,5.005,-0.0935359567382294
1002,5.01,-0.09172198032970172
1003,5.015,-0.08961254208034834
1004,5.0200000000000005,-0.08721035425335623
1005,5.025,-0.08451904350252332
1006,5.03,-0.08154315097897462
1007,5.035,-0.07828812965695224
1008,5.04,-0.07476033885345582
1009,5.045,-0.07096703592456113
1010,5.05,-0.06691636513019981
1011,5.055,-0.06261734366724758
1012,5.0600000000000005,-0.05807984487972882
1013,5.065,-0.053314578663948856
1014,5.07,-0.04833306909458188
1015,5.075,-0.04314762930736236
1016,5.08,-0.0377713336821843
1017,5.085,-0.03221798737970877
1018,5.09,-0.026502093293072335
1019,5.095,-0.020638816485146524
1020,5.1000000000000005,-0.014643946190163794
1021,5.105,-0.008533855467114897
1022,5.11,-0.0023254586004469225
1023,5.115,0.0039638336482793884
1024,5.12,0.010316160826356443
1025,5.125,0.016713261494544645
1026,5.13,0.0231365237239164
1027,5.135,0.029567037251836487
1028,5.14,0.0359856471569551
1029,5.1450000000000005,0.04237300890713735
1030,5.15,0.04870964462797359
1031,5.155,0.054976000434512465
1032,5.16,0.061152504663006
1033,5.165,0.06721962683567467
1034,5.17,0.07315793718659587
1035,5.175,0.07894816657335145
1036,5.18,0.08457126659618505
1037,5.1850000000000005,0.09000846974307602
1038,5.19,0.09524134937753864
1039,5.195,0.10025187938400018
1040,5.2,0.10502249328475838
1041,5.205,0.10953614264159521
1042,5.21,0.11377635455592029
1043,5.215,0.11772728808114605
1044,5.22,0.12137378936249103
1045,5.2250000000000005,0.12470144532175904
1046,5.23,0.12769663570596526
1047,5.235,0.13034658332258683
1048,5.24,0.13263940228722415
1049,5.245,0.13456414411392845
1050,5.25,0.13611084148257235
1051,5.255,0.13727054952391096
1052,5.26,0.13803538446767666
1053,5.265,0.13839855950589589
1054,5.2700000000000005,0.13835441773100615
1055,5.275,0.1378984620146242
1056,5.28,0.1370273817016925
1057,5.285,0.13573907600256566
1058,5.29,0.13403267397471103
1059,5.295,0.13190855099442422
1060,5.3,0.12936834162959285
1061,5.305,0.1264149488334868
1062,5.3100000000000005,0.12305254939046398
1063,5.315,0.1192865955557395
1064,5.32,0.11512381284099069
1065,5.325,0.11057219391058408
1066,5.33,0.1056409885632416
1067,5.335,0.10034068978672868
1068,5.34,0.09468301588433937
1069,5.345,0.08868088868468442
1070,5.3500000000000005,0.08234840785775567
1071,5.355,0.07570082137271764
1072,5.36,0.06875449214544523
1073,5.365,0.06152686093521061
1074,5.37,0.05403640556302155
1075,5.375,0.0463025965354088
1076,5.38,0.03834584916989347
1077,5.385,0.030187472329822752
1078,5.39,0.02184961388815156
1079,5.3950000000000005,0.013355203050688722
1080,5.4,0.004727889680729073
1081,5.405,-0.004008019222540696
1082,5.41,-0.012827625728877214
1083,5.415,-0.021705509692335513
1084,5.42,-0.030615799794639534
1085,5.425,-0.03953224672502506
1086,5.43,-0.04842829829657027
1087,5.4350000000000005,-0.057277176290653584
1088,5.44,-0.0660519548138919
1089,5.445,-0.07472563994484811
1090,5.45,-0.0832712504415653
1091,5.455,-0.0916618992749895
1092,5.46,-0.09987087574892164
1093,5.465,-0.10787172796211318
1094,5.47,-0.11563834536472996
1095,5.4750000000000005,-0.12314504115891282
1096,5.48,-0.13036663429018733
1097,5.485,-0.13727853077572788
1098,5.49,-0.14385680411448334
1099,5.495,-0.150078274524538
1100,5.5,-0.1559205867534412
1101,5.505,-0.1613622862100102
1102,5.51,-0.16638289316741448
1103,5.515,-0.17096297479112765
1104,5.5200000000000005,-0.1750842147500823
1105,5.525,-0.17872948017288393
1106,5.53,-0.1818828857177872
1107,5.535,-0.1845298545309115
1108,5.54,-0.18665717587477254
1109,5.545,-0.18825305921639043
1110,5.55,-0.18930718457426962
1111,5.555,-0.18981074893139455
1112,5.5600000000000005,-0.18975650853209927
1113,5.565,-0.189138816892289
1114,5.57,-0.18795365836163927
1115,5.575,-0.18619867709109406
1116,5.58,-0.18387320126910478
1117,5.585,-0.18097826250491902
1118,5.59,-0.17751661024944682
1119,5.595,-0.17349272115980655
1120,5.6000000000000005,-0.16891280332668368
1121,5.605,-0.16378479529923082
1122,5.61,-0.15811835985818085
1123,5.615,-0.15192487250158906
1124,5.62,-0.1452174046256984
1125,5.625,-0.13801070139760044
1126,5.63,-0.13032115433343922
1127,5.635,-0.12216676861260016
1128,5.64,-0.11356712517366213
1129,5.6450000000000005,-0.10454333765543207
1130,5.65,-0.09511800426189082
1131,5.655,-0.08531515464714035
1132,5.66,-0.0751601919314884
1133,5.665,-0.06467982997706291
1134,5.67,-0.05390202606608825
1135,5.675,-0.04285590914104941
1136,5.68,-0.031571703781028
1137,5.6850000000000005,-0.0200806501030788
1138,5.69,-0.008414919792066032
1139,5.695,0.0033924715238591173
1140,5.7,0.015307755321638038
1141,5.705,0.02729650441220547
1142,5.71,0.03932373009460437
1143,5.715,0.051353981968440536
1144,5.72,0.0633514501269123
1145,5.7250000000000005,0.07528006944311742
1146,5.73,0.087103625652489
1147,5.735,0.09878586292637358
1148,5.74,0.1102905926238347
1149,5.745,0.12158180290249027
1150,5.75,0.13262376886285776
1151,5.755,0.1433811628968414
1152,5.76,0.15381916490622566
1153,5.765,0.16390357205448092
1154,5.7700000000000005,0.17360090771413125
1155,5.775,0.18287852926975878
1156,5.78,0.19170473443814504
1157,5.785,0.20004886576779216
1158,5.79,0.20788141298223275
1159,5.795,0.21517411283568313
1160,5.8,0.22190004615289732
1161,5.805,0.2280337317315844
1162,5.8100000000000005,0.23355121679192853
1163,5.815,0.23843016366470818
1164,5.82,0.24264993241947447
1165,5.825,0.24619165914200974
1166,5.83,0.2490383295828034
1167,5.835,0.2511748479079107
1168,5.84,0.25258810029746526
1169,5.845,0.2532670131498993
1170,5.8500000000000005,0.25320260566356967
1171,5.855,0.2523880365840177
1172,5.86,0.2508186449189973
1173,5.865,0.2484919844420583
1174,5.87,0.24540785182071695
1175,5.875,0.24156830822523065
1176,5.88,0.2369776942906869
1177,5.885,0.2316426383257078
1178,5.89,0.22557205768010433
1179,5.8950000000000005,0.21877715320345895
1180,5.9,0.21127139674840759
1181,5.905,0.2030705116914639
1182,5.91,0.19419244646720468
1183,5.915,0.18465734113102697
1184,5.92,0.1744874869890228
1185,5.925,0.16370727935326843
1186,5.93,0.1523431635037873
1187,5.9350000000000005,0.1404235739591688
1188,5.94,0.127978867179189
1189,5.945,0.11504124784453884
1190,5.95,0.10164468887888245
1191,5.955,0.0878248453999339
1192,5.96,0.07361896280565884
1193,5.965,0.0590657792221464
1194,5.97,0.0442054225585815
1195,5.9750000000000005,0.029079302433441676
1196,5.98,0.013729997254320912
1197,5.985,-0.001798863249223787
1198,5.99,-0.017462719723534612
1199,5.995,-0.03321620878763714
1200,6.0,-0.04901329218222072
1201,6.005,-0.06480738911006236
1202,6.01,-0.08055151139438987
1203,6.015000000000001,-0.09619840106965463
1204,6.0200000000000005,-0.11170067000819378
1205,6.025,-0.12701094117705328
1206,6.03,-0.14208199110985378
1207,6.035,-0.1568668931722985
1208,6.04,-0.1713191611925769
1209,6.045,-0.1853928930243595
1210,6.05,-0.19904291360518006
1211,6.055,-0.2122249170718101
1212,6.0600000000000005,-0.2248956074928551
1213,6.065,-0.2370128377786954
1214,6.07,-0.24853574633199818
1215,6.075,-0.25942489100323385
1216,6.08,-0.26964237992224516
1217,6.085,-0.27915199878061814
1218,6.09,-0.28791933414842613
1219,6.095,-0.295911892416824
1220,6.1000000000000005,-0.30309921396711414
1221,6.105,-0.30945298217979506
1222,6.11,-0.3149471269072723
1223,6.115,-0.3195579220500423
1224,6.12,-0.32326407688855396
1225,6.125,-0.3260468208416391
1226,6.13,-0.3278899813371762
1227,6.135,-0.32878005450093417
1228,6.140000000000001,-0.32870626838822786
1229,6.1450000000000005,-0.3276606385026829
1230,6.15,-0.32563801536975007
1231,6.155,-0.3226361239523284
1232,6.16,-0.31865559472169724
1233,6.165,-0.31369998621809897
1234,6.17,-0.30777579896258783
1235,6.175,-0.30089248060451135
1236,6.18,-0.2930624222166086
1237,6.1850000000000005,-0.2843009456753041
1238,6.19,-0.274626282089733
1239,6.195,-0.2640595412717799
1240,6.2,-0.2526246722645103
1241,6.205,-0.24034841497598267
1242,6.21,-0.22726024299090095
1243,6.215,-0.21339229766165685
1244,6.22,-0.19877931360703496
1245,6.2250000000000005,-0.18345853577372934
1246,6.23,-0.1674696282439948
1247,6.235,-0.15085457499792906
1248,6.24,-0.13365757286657587
1249,6.245,-0.11592491693645256
1250,6.25,-0.09770487869234429
1251,6.255,-0.07904757720879814
1252,6.26,-0.06000484372505217
1253,6.265000000000001,-0.04063007996068823
1254,6.2700000000000005,-0.02097811055127699
1255,6.275,-0.001105030004434528
1256,6.28,0.018931955403653063
1257,6.285,0.03907469035210604
1258,6.29,0.05926423736318335
1259,6.295,0.07944104738116708
1260,6.3,0.09954513355430561
1261,6.305,0.11951624771837184
1262,6.3100000000000005,0.13929405906822329
1263,6.315,0.1588183344925437
1264,6.32,0.17802912003870855
1265,6.325,0.1968669229657958
1266,6.33,0.21527289383914439
1267,6.335,0.23318900811407006
1268,6.34,0.25055824665467513
1269,6.345,0.26732477463225457
1270,6.3500000000000005,0.2834341182477789
1271,6.355,0.29883333872673956
1272,6.36,0.3134712030367654
1273,6.365,0.32729835078624075
1274,6.37,0.34026745676736564
1275,6.375,0.35233338861869196
1276,6.38,0.36345335909052945
1277,6.385,0.3735870724110764
1278,6.390000000000001,0.38269686426451716
1279,6.3950000000000005,0.3907478349071644
1280,6.4,0.3977079749673043
1281,6.405,0.40354828349019983
1282,6.41,0.4082428778133057
1283,6.415,0.4117690948751295
1284,6.42,0.4141075835876515
1285,6.425,0.4152423879234509
1286,6.43,0.41516102039680997
1287,6.4350000000000005,0.41385452564397324
1288,6.44,0.4113175338347255
1289,6.445,0.4075483036789175
1290,6.45,0.4025487548182496
1291,6.455,0.396324489427804
1292,6.46,0.38888480288018756
1293,6.465,0.38024268335977907
1294,6.47,0.37041480034648167
1295,6.4750000000000005,0.3594214819207588
1296,6.48,0.3472866808777847
1297,6.485,0.3340379296694756
1298,6.49,0.31970628423050584
1299,6.495,0.30432625677561315
1300,6.5,0.28793573769256126
1301,6.505,0.2705759066867029
1302,6.51,0.25229113336888287
1303,6.515000000000001,0.23312886751102985
1304,6.5200000000000005,0.21313951922658436
1305,6.525,0.19237632936660617
1306,6.53,0.17089523045276298
1307,6.535,0.1487546985010581
1308,6.54,0.1260155961190054
1309,6.545,0.10274100728941814
1310,6.55,0.07899606428142891
1311,6.555,0.05484776715691342
1312,6.5600000000000005,0.030364796366192097
1313,6.565,0.005617318951368481
1314,6.57,-0.019323211101142438
1315,6.575,-0.044384257795599485
1316,6.58,-0.06949241276644946
1317,6.585,-0.0945736090205094
1318,6.59,-0.11955333816355446
1319,6.595,-0.14435687047825604
1320,6.6000000000000005,-0.1689094772066251
1321,6.605,-0.19313665438010266
1322,6.61,-0.21696434752971636
1323,6.615,-0.240319176602947
1324,6.62,-0.26312866040710176
1325,6.625,-0.28532143989743075
1326,6.63,-0.3068274996253251
1327,6.635,-0.32757838666420436
1328,6.640000000000001,-0.3475074263333116
1329,6.6450000000000005,-0.36654993404378305
1330,6.65,-0.3846434226007505
1331,6.655,-0.401727804301529
1332,6.66,-0.41774558718469507
1333,6.665,-0.4326420647947988
1334,6.67,-0.44636549884634447
1335,6.675,-0.4588672941849219
1336,6.68,-0.47010216546518985
1337,6.6850000000000005,-0.480028294985895
1338,6.69,-0.4886074811440465
1339,6.695,-0.49580527699824156
1340,6.7,-0.501591118453999
1341,6.705,-0.5059384416164067
1342,6.71,-0.508824788881415
1343,6.715,-0.5102319033715284
1344,6.72,-0.5101458113533626
1345,6.7250000000000005,-0.5085568923075281
1346,6.73,-0.5054599363597212
1347,6.735,-0.5008541888144998
1348,6.74,-0.4947433815749388
1349,6.745,-0.4871357512656734
1350,6.75,-0.47804404392013494
1351,6.755,-0.46748550612902273
1352,6.76,-0.45548186259037393
1353,6.765000000000001,-0.4420592800414699
1354,6.7700000000000005,-0.4272483175930945
1355,6.775,-0.41108386353071896
1356,6.78,-0.39360505868551343
1357,6.785,-0.3748552065228883
1358,6.79,-0.3548816701343371
1359,6.795,-0.3337357563625068
1360,6.8,-0.3114725873271249
1361,6.805,-0.2881509596615565
1362,6.8100000000000005,-0.2638331918082063
1363,6.815,-0.23858495975880784
1364,6.82,-0.21247512166497634
1365,6.825,-0.18557553177866581
1366,6.83,-0.15796084421972026
1367,6.835,-0.12970830709956566
1368,6.84,-0.10089754756452889
1369,6.845,-0.07161034835218473
1370,6.8500000000000005,-0.04193041648387118
1371,6.855,-0.011943144744658556
1372,6.86,0.01826463337269972
1373,6.865,0.04860489455879387
1374,6.87,0.07898868169060004
1375,6.875,0.10932636420402832
1376,6.88,0.1395279020749778
1377,6.885,0.16950311263300907
1378,6.890000000000001,0.19916193941822732
1379,6.8950000000000005,0.22841472228049484
1380,6.9,0.2571724679127463
1381,6.905,0.28534712000230733
1382,6.91,0.3128518281823493
1383,6.915,0.3396012149623215
1384,6.92,0.36551163981968376
1385,6.925,0.39050145963677096
1386,6.93,0.41449128467475227
1387,6.9350000000000005,0.4374042292848254
1388,6.94,0.45916615656693927
1389,6.945,0.4797059162028708
1390,6.95,0.4989555747029181
1391,6.955,0.5168506373282326
1392,6.96,0.5333302609679166
1393,6.965,0.5483374572761892
1394,6.97,0.5618192853995729
1395,6.9750000000000005,0.5737270336503595
1396,6.98,0.584016389515853
1397,6.985,0.5926475974205012
1398,6.99,0.5995856036965388
1399,6.995,0.6048001882497516
1400,7.0,0.6082660824493209
1401,7.005,0.6099630728052389
1402,7.01,0.6098760900410828
1403,7.015000000000001,0.607995283210699
1404,7.0200000000000005,0.6043160785493971
1405,7.025,0.5988392227985169
1406,7.03,0.591570810783194
1407,7.035,0.5825222970747783
1408,7.04,0.5717104916117309
1409,7.045,0.559157539205748
1410,7.05,0.5448908829038966
1411,7.055,0.528943211229787
1412,7.0600000000000005,0.5113523893745789
1413,7.065,0.4921613744565938
1414,7.07,0.4714181150203058
1415,7.075,0.44917543499052304
1416,7.08,0.42549090234979153
1417,7.085,0.40042668285125904
1418,7.09,0.37404937912923075
1419,7.095,0.34642985561457834
1420,7.1000000000000005,0.3176430497068915
1421,7.105,0.287767769701469
1422,7.11,0.25688648000933084
1423,7.115,0.2250850742526568
1424,7.12,0.19245263685557096
1425,7.125,0.15908119379024274
1426,7.13,0.1250654531732257
1427,7.135,0.09050253644251612
1428,7.140000000000001,0.05549170087755428
1429,7.1450000000000005,0.020134054254866137
1430,7.15,-0.015467737540002033
1431,7.155,-0.05120974909779265
1432,7.16,-0.08698709939887034
1433,7.165,-0.1226942601641025
1434,7.17,-0.15822536773550747
1435,7.175,-0.19347453756276736
1436,7.18,-0.2283361803596223
1437,7.1850000000000005,-0.2627053189843722
1438,7.19,-0.29647790509085137
1439,7.195,-0.32955113459389124
1440,7.2,-0.3618237609895181
1441,7.205,-0.3931964055748638
1442,7.21,-0.4235718636143593
1443,7.215,-0.4528554055086559
1444,7.22,-0.48095507203238663
1445,7.2250000000000005,-0.5077819627191225
1446,7.23,-0.5332505164908271
1447,7.235,-0.5572787836446924
1448,7.24,-0.5797886883358978
1449,7.245,-0.6007062807154882
1450,7.25,-0.6199619779140649
1451,7.255,-0.6374907930876895
1452,7.26,-0.6532325517781697
1453,7.265000000000001,-0.6671320948734395
1454,7.2700000000000005,-0.6791394674900073
1455,7.275,-0.6892100931410348
1456,7.28,-0.6973049325934099
1457,7.285,-0.7033906268616552
1458,7.29,-0.7074396238318043
1459,7.295,-0.7094302880556229
1460,7.3,-0.7093469933044835
1461,7.305,-0.7071801975225561
1462,7.3100000000000005,-0.7029264998706742
1463,7.315,-0.696588679605148
1464,7.32,-0.688175716589667
1465,7.325,-0.6777027932932638
1466,7.33,-0.6651912781827388
1467,7.335,-0.6506686904740102
1468,7.34,-0.6341686462631632
1469,7.345,-0.6157307861146342
1470,7.3500000000000005,-0.5954006842404429
1471,7.355,-0.573229739461007
1472,7.36,-0.5492750481938948
1473,7.365,-0.5235992597728661
1474,7.37,-0.49627041445417375
1475,7.375,-0.46736176452133266
1476,7.38,-0.4369515789527183
1477,7.385,-0.40512293216807843
1478,7.390000000000001,-0.3719634774208567
1479,7.3950000000000005,-0.33756520545200597
1480,7.4,-0.3020241890686149
1481,7.405,-0.2654403143560707
1482,7.41,-0.22791699927629996
1483,7.415,-0.189560900445866
1484,7.42,-0.150481608927247
1485,7.425,-0.11079133590340912
1486,7.43,-0.07060458914017434
1487,7.4350000000000005,-0.030037841172701585
1488,7.44,0.01079080981840305
1489,7.445,0.051761985449804024
1490,7.45,0.09275537788183205
1491,7.455,0.13365010483322823
1492,7.46,0.1743250678114956
1493,7.465,0.21465931249213271
1494,7.47,0.25453239016880547
1495,7.4750000000000005,0.2938247191891093
1496,7.48,0.3324179452858065
1497,7.485,0.37019529971261866
1498,7.49,0.40704195409547056
1499,7.495,0.44284537091593545
1500,7.5,0.47749564855220783
1501,7.505,0.5108858598152002
1502,7.51,0.5429123829327941
1503,7.515000000000001,0.5734752239538222
1504,7.5200000000000005,0.6024783295654423
1505,7.525,0.6298298893424427
1506,7.53,0.6554426264752745
1507,7.535,0.6792340760545693
1508,7.54,0.7011268500242996
1509,7.545,0.7210488879522726
1510,7.55,0.7389336928066058
1511,7.555,0.7547205509689967
1512,7.5600000000000005,0.7683547357603634
1513,7.565,0.7797876938016587
1514,7.57,0.7889772135820823
1515,7.575,0.7958875756583504
1516,7.58,0.8004896839622577
1517,7.585,0.8027611777489498
1518,7.59,0.802686523775264
1519,7.595,0.8002570883558354
1520,7.6000000000000005,0.7954711890043402
1521,7.605,0.7883341254279933
1522,7.61,0.778858189705142
1523,7.615,0.767062655538209
1524,7.62,0.7529737465372978
1525,7.625,0.7366245835530829
1526,7.63,0.7180551111411809
1527,7.635,0.697312003303779
1528,7.640000000000001,0.6744485487174557
1529,7.6450000000000005,0.6495245157192815
1530,7.65,0.622605997385268
1531,7.655,0.5937652370970813
1532,7.66,0.5630804350531758
1533,7.665,0.5306355362400383
1534,7.67,0.4965200004370275
1535,7.675,0.4608285548849984
1536,7.68,0.42366093030333385
1537,7.6850000000000005,0.385121580992992
1538,7.69,0.34531938981398147
1539,7.695,0.3043673588739641
1540,7.7,0.26238228681115544
1541,7.705,0.21948443359812286
1542,7.71,0.17579717383397092
1543,7.715,0.13144663953073105
1544,7.72,0.08656135343486869
1545,7.7250000000000005,0.04127185395689339
1546,7.73,-0.004289687188747938
1547,7.735,-0.04998985350582374
1548,7.74,-0.09569437725020644
1549,7.745,-0.14126853680650053
1550,7.75,-0.18657755672272178
1551,7.755,-0.23148700920658663
1552,7.76,-0.27586321587864676
1553,7.765000000000001,-0.31957364857279846
1554,7.7700000000000005,-0.36248732797370914
1555,7.775,-0.40447521888358984
1556,7.78,-0.4454106209167729
1557,7.785,-0.4851695534308744
1558,7.79,-0.5236311335171008
1559,7.795,-0.5606779458892114
1560,7.8,-0.5961964035320755
1561,7.805000000000001,-0.6300770979948774
1562,7.8100000000000005,-0.6622151382420061
1563,7.815,-0.692510477006232
1564,7.82,-0.7208682236230043
1565,7.825,-0.747198942362922
1566,7.83,-0.7714189353201675
1567,7.835,-0.7934505089586867
1568,7.84,-0.8132222234647639
1569,7.845,-0.8306691241040756
1570,7.8500000000000005,-0.8457329538335112
1571,7.855,-0.858362346472577
1572,7.86,-0.8685129997960663
1573,7.865,-0.876147827968512
1574,7.87,-0.8812370928019887
1575,7.875,-0.8837585133812842
1576,7.88,-0.8836973536647713
1577,7.885,-0.881046487734816
1578,7.890000000000001,-0.875806442438326
1579,7.8950000000000005,-0.8679854172257616
1580,7.9,-0.857599281065408
1581,7.905,-0.8446715463787996
1582,7.91,-0.8292333200125446
1583,7.915,-0.8113232313314115
1584,7.92,-0.7909873375869695
1585,7.925,-0.768279006785353
1586,7.930000000000001,-0.743258778346304
1587,7.9350000000000005,-0.7159942019138495
1588,7.94,-0.6865596547457778
1589,7.945,-0.6550361381753856
1590,7.95,-0.6215110537032991
1591,7.955,-0.58607795934045
1592,7.96,-0.5488363068846377
1593,7.965,-0.5098911608725476
1594,7.97,-0.4693529000064791
1595,7.9750000000000005,-0.4273369019101139
1596,7.98,-0.38396321212023
1597,7.985,-0.33935619827130825
1598,7.99,-0.29364419047709767
1599,7.995,-0.24695910895765527
1600,8.0,-0.19943608000122756
1601,8.005,-0.15121304138857278
1602,8.01,-0.10243033844216551
1603,8.015,-0.053230311893007254
1604,8.02,-0.0037568787866544507
1605,8.025,0.04584489232711692
1606,8.03,0.0954292106554158
1607,8.035,0.14484999559288186
1608,8.040000000000001,0.1939613110273155
1609,8.045,0.2426178002177294
1610,8.05,0.29067511993703204
1611,8.055,0.3379903725709882
1612,8.06,0.3844225348684357
1613,8.065,0.4298328820445553
1614,8.07,0.4740854059508116
1615,8.075,0.5170472260391882
1616,8.08,0.5585889918688692
1617,8.085,0.5985852759245995
1618,8.09,0.6369149555442826
1619,8.095,0.6734615827823586
1620,8.1,0.7081137410704633
1621,8.105,0.7407653875738409
1622,8.11,0.7713161801829925
1623,8.115,0.7996717881249371
1624,8.120000000000001,0.8257441852244899
1625,8.125,0.8494519248984009
1626,8.13,0.8707203960167018
1627,8.135,0.8894820588230622
1628,8.14,0.9056766601639116
1629,8.145,0.9192514273374954
1630,8.15,0.9301612399375836
1631,8.155,0.93836877913086
1632,8.16,0.9438446538758334
1633,8.165000000000001,0.946567503658236
1634,8.17,0.9465240773893897
1635,8.175,0.9437092881844231
1636,8.18,0.9381262438108275
1637,8.185,0.9297862526695849
1638,8.19,0.918708805246207
1639,8.195,0.9049215310424348
1640,8.2,0.8884601310732623
1641,8.205,0.8693682860889329
1642,8.21,0.8476975407542763
1643,8.215,0.8235071640915808
1644,8.22,0.7968639865649116
1645,8.225,0.7678422142561065
1646,8.23,0.7365232206512046
1647,8.235,0.7029953166263148
1648,8.24,0.667353499287639
1649,8.245000000000001,0.6296991803859621
1650,8.25,0.5901398950889288
1651,8.255,0.548788991954682
1652,8.26,0.5057653050094417
1653,8.265,0.4611928088859927
1654,8.27,0.41520025803433913
1655,8.275,0.3679208110640125
1656,8.28,0.3194916413252618
1657,8.285,0.2700535348790368
1658,8.290000000000001,0.21975047704608455
1659,8.295,0.16872922876117044
1660,8.3,0.11713889399167934
1661,8.305,0.06513047950866757
1662,8.31,0.012856448322917156
1663,8.315,-0.039529731879499305
1664,8.32,-0.09187404395163676
1665,8.325,-0.14402237878552143
1666,8.33,-0.19582099372514283
1667,8.335,-0.24711697051461876
1668,8.34,-0.2977586714039073
1669,8.345,-0.34759619203769276
1670,8.35,-0.39648180976094577
1671,8.355,-0.44427042598705396
1672,8.36,-0.49082000129009545
1673,8.365,-0.5359919819038189
1674,8.370000000000001,-0.5796517163331244
1675,8.375,-0.6216688608133573
1676,8.38,-0.6619177723840045
1677,8.385,-0.7002778883792858
1678,8.39,-0.736634091178662
1679,8.395,-0.7708770571021674
1680,8.4,-0.8029035883832926
1681,8.405,-0.8326169272011434
1682,8.41,-0.8599270508073799
1683,8.415000000000001,-0.8847509468388205
1684,8.42,-0.9070128679663364
1685,8.425,-0.9266445650912073
1686,8.43,-0.9435854983649057
1687,8.435,-0.9577830253743121
1688,8.44,-0.9691925659023168
1689,8.445,-0.9777777427446804
1690,8.45,-0.9835104981351629
1691,8.455,-0.9863711854048587
1692,8.46,-0.9863486355755043
1693,8.465,-0.9834401986626361
1694,8.47,-0.9776517595403882
1695,8.475,-0.9689977282963417
1696,8.48,-0.9575010050822192
1697,8.485,-0.9431929195432476
1698,8.49,-0.9261131449854904
1699,8.495000000000001,-0.9063095875176503
1700,8.5,-0.8838382504792132
1701,8.505,-0.8587630745417248
1702,8.51,-0.831155753944257
1703,8.515,-0.8010955293962331
1704,8.52,-0.7686689582518693
1705,8.525,-0.7339696626296254
1706,8.53,-0.6970980562174833
1707,8.535,-0.6581610505692161
1708,8.540000000000001,-0.6172717417601992
1709,8.545,-0.5745490783306618
1710,8.55,-0.530117511501669
1711,8.555,-0.48410662870362275
1712,8.56,-0.4366507715077252
1713,8.565,-0.3878886390991549
1714,8.57,-0.3379628784747502
1715,8.575000000000001,-0.2870196625891819
1716,8.58,-0.23520825771047374
1717,8.585,-0.1826805812790683
1718,8.59,-0.12959075159463168
1719,8.595,-0.07609463067914098
1720,8.6,-0.022349361687459646
1721,8.605,0.03148709774756272
1722,8.61,0.0852564448340064
1723,8.615,0.13880050219522796
1724,8.620000000000001,0.19196168828483967
1725,8.625,0.2445834862290104
1726,8.63,0.29651090968575305
1727,8.635,0.3475909643196527
1728,8.64,0.39767310350349927
1729,8.645,0.4466096768744449
1730,8.65,0.4942563703943464
1731,8.655,0.5404726365879727
1732,8.66,0.5851221136633167
1733,8.665000000000001,0.6280730322500395
1734,8.67,0.6691986085302996
1735,8.675,0.7083774225762645
1736,8.68,0.7454937807528998
1737,8.685,0.7804380610932944
1738,8.69,0.8131070406037268
1739,8.695,0.8434042035113581
1740,8.700000000000001,0.8712400295235747
1741,8.705,0.8965322612291695
1742,8.71,0.9192061498339457
1743,8.715,0.9391946784885568
1744,8.72,0.9564387625344541
1745,8.725,0.9708874260629108
1746,8.73,0.9824979542540516
1747,8.735,0.9912360210355673
1748,8.74,0.9970757916756372
1749,8.745000000000001,1.0
1750,8.75,0.9999999999999994
1751,8.755,0.997075791675636
1752,8.76,0.9912360210355673
1753,8.765,0.9824979542540481
1754,8.77,0.9708874260629108
1755,8.775,0.95643876253445
1756,8.78,0.9391946784885568
1757,8.785,0.9192061498339373
1758,8.790000000000001,0.8965322612291612
1759,8.795,0.871240029523565
1760,8.8,0.8434042035113485
1761,8.805,0.8131070406037268
1762,8.81,0.7804380610932805
1763,8.815,0.7454937807528998
1764,8.82,0.7083774225762506
1765,8.825000000000001,0.6691986085302885
1766,8.83,0.6280730322500229
1767,8.835,0.5851221136633027
1768,8.84,0.5404726365879727
1769,8.845,0.4942563703943297
1770,8.85,0.4466096768744449
1771,8.855,0.39767310350347984
1772,8.86,0.3475909643196527
1773,8.865,0.2965109096857364
1774,8.870000000000001,0.2445834862289882
1775,8.875,0.19196168828482024
1776,8.88,0.13880050219520854
1777,8.885,0.0852564448340064
1778,8.89,0.03148709774754328
1779,8.895,-0.022349361687459646
1780,8.9,-0.0760946306791632
1781,8.905,-0.12959075159463168
1782,8.91,-0.1826805812790905
1783,8.915000000000001,-0.23520825771049317
1784,8.92,-0.2870196625892041
1785,8.925,-0.33796287847476686
1786,8.93,-0.3878886390991549
1787,8.935,-0.43665077150774184
1788,8.94,-0.48410662870362275
1789,8.945,-0.5301175115016884
1790,8.950000000000001,-0.5745490783306785
1791,8.955,-0.617271741760213
1792,8.96,-0.65816105056923
1793,8.965,-0.6970980562174833
1794,8.97,-0.7339696626296393
1795,8.975,-0.7686689582518693
1796,8.98,-0.8010955293962427
1797,8.985,-0.831155753944257
1798,8.99,-0.8587630745417332
1799,8.995000000000001,-0.8838382504792228
1800,9.0,-0.9063095875176572
1801,9.005,-0.9261131449854967
1802,9.01,-0.9431929195432476
1803,9.015,-0.9575010050822241
1804,9.02,-0.9689977282963417
1805,9.025,-0.977651759540391
1806,9.03,-0.9834401986626361
1807,9.035,-0.9863486355755049
1808,9.040000000000001,-0.9863711854048579
1809,9.045,-0.9835104981351629
1810,9.05,-0.977777742744678
1811,9.055,-0.9691925659023168
1812,9.06,-0.9577830253743073
1813,9.065,-0.9435854983649057
1814,9.07,-0.9266445650912011
1815,9.075000000000001,-0.9070128679663281
1816,9.08,-0.8847509468388135
1817,9.085,-0.8599270508073701
1818,9.09,-0.8326169272011434
1819,9.095,-0.8029035883832815
1820,9.1,-0.7708770571021674
1821,9.105,-0.7366340911786481
1822,9.11,-0.7002778883792858
1823,9.115,-0.6619177723839906
1824,9.120000000000001,-0.6216688608133489
1825,9.125,-0.5796517163331077
1826,9.13,-0.5359919819037939
1827,9.135,-0.49082000129009545
1828,9.14,-0.44427042598703453
1829,9.145,-0.39648180976094577
1830,9.15,-0.34759619203768444
1831,9.155,-0.2977586714039073
1832,9.16,-0.24711697051460485
1833,9.165000000000001,-0.19582099372512338
1834,9.17,-0.14402237878552143
1835,9.175,-0.09187404395161732
1836,9.18,-0.039529731879499305
1837,9.185,0.01285644832293104
1838,9.19,0.06513047950866757
1839,9.195,0.11713889399169877
1840,9.200000000000001,0.16872922876119267
1841,9.205,0.2197504770461123
1842,9.21,0.27005353487904793
1843,9.215,0.3194916413252618
1844,9.22,0.3679208110640236
1845,9.225,0.41520025803433913
1846,9.23,0.4611928088860121
1847,9.235,0.5057653050094417
1848,9.24,0.548788991954707
1849,9.245000000000001,0.5901398950889427
1850,9.25,0.6296991803859759
1851,9.255,0.6673534992876418
1852,9.26,0.7029953166263148
1853,9.265,0.7365232206512198
1854,9.27,0.7678422142561065
1855,9.275,0.7968639865649324
1856,9.28,0.8235071640915808
1857,9.285,0.8476975407542999
1858,9.290000000000001,0.8693682860889246
1859,9.295,0.8884601310732623
1860,9.3,0.9049215310424251
1861,9.305,0.918708805246207
1862,9.31,0.9297862526695884
1863,9.315,0.9381262438108275
1864,9.32,0.9437092881844394
1865,9.325000000000001,0.9465240773893904
1866,9.33,0.9465675036582513
1867,9.335,0.9438446538758164
1868,9.34,0.93836877913086
1869,9.345,0.9301612399375642
1870,9.35,0.9192514273374954
1871,9.355,0.9056766601639047
1872,9.36,0.8894820588230622
1873,9.365,0.8707203960167101
1874,9.370000000000001,0.8494519248983926
1875,9.375,0.8257441852244816
1876,9.38,0.7996717881249121
1877,9.385,0.7713161801829925
1878,9.39,0.7407653875738285
1879,9.395,0.7081137410704633
1880,9.4,0.6734615827823586
1881,9.405,0.6369149555442826
1882,9.41,0.5985852759245968
1883,9.415000000000001,0.5585889918688441
1884,9.42,0.5170472260391882
1885,9.425,0.47408540595078663
1886,9.43,0.4298328820445553
1887,9.435,0.38442253486841904
1888,9.44,0.3379903725709882
1889,9.445,0.29067511993701817
1890,9.450000000000001,0.24261780021771276
1891,9.455,0.19396131102730163
1892,9.46,0.14484999559286518
1893,9.465,0.0954292106554158
1894,9.47,0.04584489232710304
1895,9.475,-0.0037568787866544507
1896,9.48,-0.05323031189302947
1897,9.485,-0.10243033844216551
1898,9.49,-0.15121304138858668
1899,9.495000000000001,-0.19943608000125254
1900,9.5,-0.2469591089576997
1901,9.505,-0.29364419047716983
1902,9.51,-0.3393561982713666
1903,9.515,-0.38396321212032164
1904,9.52,-0.4273369019101861
1905,9.525,-0.4693529000065596
1906,9.53,-0.5098911608726281
1907,9.535,-0.5488363068847321
1908,9.540000000000001,-0.586077959340575
1909,9.545,-0.6215110537034045
1910,9.55,-0.6550361381755245
1911,9.555,-0.6865596547458931
1912,9.56,-0.7159942019139981
1913,9.565,-0.7432587783464276
1914,9.57,-0.7682790067854834
1915,9.575000000000001,-0.7909873375871305
1916,9.58,-0.8113232313315462
1917,9.585,-0.8292333200127133
1918,9.59,-0.8446715463789398
1919,9.595,-0.8575992810655815
1920,9.6,-0.8679854172259047
1921,9.605,-0.8758064424385019
1922,9.61,-0.8810464877349614
1923,9.615,-0.8836973536649173
1924,9.620000000000001,-0.8837585133814586
1925,9.625,-0.8812370928021335
1926,9.63,-0.8761478279686836
1927,9.635,-0.868512999796208
1928,9.64,-0.858362346472745
1929,9.645,-0.8457329538336501
1930,9.65,-0.8306691241042102
1931,9.655,-0.8132222234649
1932,9.66,-0.7934505089588159
1933,9.665000000000001,-0.7714189353203118
1934,9.67,-0.7471989423630442
1935,9.675,-0.7208682236231376
1936,9.68,-0.6925104770063445
1937,9.685,-0.6622151382421297
1938,9.69,-0.6300770979949787
1939,9.695,-0.5961964035321714
1940,9.700000000000001,-0.5606779458893127
1941,9.705,-0.523631133517184
1942,9.71,-0.48516955343096324
1943,9.715,-0.44541062091683675
1944,9.72,-0.4044752188836676
1945,9.725,-0.3624873279737647
1946,9.73,-0.31957364857285403
1947,9.735,-0.2758632158786967
1948,9.74,-0.23148700920661994
1949,9.745000000000001,-0.18657755672274956
1950,9.75,-0.14126853680652
1951,9.755,-0.09569437725021199
1952,9.76,-0.04998985350582652
1953,9.765,-0.004289687188739607
1954,9.77,0.04127185395690727
1955,9.775,0.08656135343488536
1956,9.78,0.13144663953075325
1957,9.785,0.17579717383400145
1958,9.790000000000001,0.21948443359818118
1959,9.795,0.26238228681120546
1960,9.8,0.30436735887403077
1961,9.805,0.34531938981404253
1962,9.81,0.38512158099307525
1963,9.815,0.4236609303034005
1964,9.82,0.46082855488507896
1965,9.825000000000001,0.496520000437133
1966,9.83,0.5306355362401287
1967,9.835,0.5630804350532981
1968,9.84,0.5937652370971798
1969,9.845,0.6226059973853986
1970,9.85,0.6495245157193898
1971,9.855,0.6744485487175974
1972,9.86,0.6973120033038942
1973,9.865,0.7180551111413017
1974,9.870000000000001,0.7366245835532315
1975,9.875,0.7529737465374249
1976,9.88,0.7670626555383623
1977,9.885,0.778858189705271
1978,9.89,0.7883341254281515
1979,9.895,0.795471189004472
1980,9.9,0.800257088355968
1981,9.905,0.8026865237753963
1982,9.91,0.802761177749082
1983,9.915000000000001,0.8004896839624153
1984,9.92,0.7958875756584814
1985,9.925,0.7889772135822358
1986,9.93,0.7797876938017868
1987,9.935,0.7683547357605116
1988,9.94,0.7547205509691224
1989,9.945,0.7389336928067265
1990,9.950000000000001,0.7210488879524102
1991,9.955,0.7011268500244149
1992,9.96,0.6792340760546984
1993,9.965,0.6554426264753788
1994,9.97,0.6298298893425635
1995,9.975,0.6024783295655395
1996,9.98,0.5734752239539291
1997,9.985,0.5429123829328885
1998,9.99,0.5108858598152834
1999,9.995000000000001,0.4774956485522911
2000,10.0,0.44284537091600623
2001,10.005,0.40704195409554134
2002,10.01,0.370195299712677
2003,10.015,0.332417945285862
2004,10.02,0.2938247191891537
2005,10.025,0.2545323901688444
2006,10.03,0.2146593124921716
2007,10.035,0.17432506781152335
2008,10.040000000000001,0.13365010483324213
2009,10.045,0.09275537788184039
2010,10.05,0.051761985449804024
2011,10.055,0.010790809818397498
2012,10.06,-0.03003784117271547
2013,10.065,-0.07060458914018267
2014,10.07,-0.11079133590343411
2015,10.075000000000001,-0.15048160892728307
2016,10.08,-0.18956090044589932
2017,10.085,-0.22791699927635828
2018,10.09,-0.2654403143561179
2019,10.095,-0.3020241890686815
2020,10.1,-0.3375652054520643
2021,10.105,-0.37196347742094
2022,10.11,-0.4051229321681423
2023,10.115,-0.43695157895279463
2024,10.120000000000001,-0.46736176452143124
2025,10.125,-0.49627041445426123
2026,10.13,-0.5235992597729744
2027,10.135,-0.5492750481939878
2028,10.14,-0.573229739461125
2029,10.145,-0.5954006842405443
2030,10.15,-0.6157307861147356
2031,10.155,-0.6341686462632672
2032,10.16,-0.6506686904741192
2033,10.165000000000001,-0.6651912781828749
2034,10.17,-0.6777027932933762
2035,10.175,-0.6881757165898059
2036,10.18,-0.6965886796052633
2037,10.185,-0.7029264998708158
2038,10.19,-0.7071801975226727
2039,10.195,-0.7093469933046007
2040,10.200000000000001,-0.7094302880557629
2041,10.205,-0.7074396238319206
2042,10.21,-0.7033906268617929
2043,10.215,-0.6973049325935237
2044,10.22,-0.6892100931411701
2045,10.225,-0.6791394674901184
2046,10.23,-0.6671320948735672
2047,10.235,-0.653232551778278
2048,10.24,-0.6374907930877707
2049,10.245000000000001,-0.6199619779141851
2050,10.25,-0.6007062807156067
2051,10.255,-0.579788688335968
2052,10.26,-0.5572787836447993
2053,10.265,-0.5332505164908923
2054,10.27,-0.5077819627192225
2055,10.275,-0.48095507203244775
2056,10.28,-0.45285540550874753
2057,10.285,-0.4235718636144106
2058,10.290000000000001,-0.393196405574936
2059,10.295,-0.36182376098958885
2060,10.3,-0.32955113459392454
2061,10.305,-0.29647790509090965
2062,10.31,-0.26270531898439164
2063,10.315,-0.22833618035966952
2064,10.32,-0.19347453756279095
2065,10.325000000000001,-0.15822536773552967
2066,10.33,-0.12269426016412333
2067,10.335,-0.08698709939887174
2068,10.34,-0.051209749097800975
2069,10.345,-0.015467737539989536
2070,10.35,0.020134054254874467
2071,10.355,0.055491700877572325
2072,10.36,0.09050253644253001
2073,10.365,0.12506545317324375
2074,10.370000000000001,0.15908119379028302
2075,10.375,0.1924526368556112
2076,10.38,0.22508507425269708
2077,10.385,0.2568864800093822
2078,10.39,0.2877677697015204
2079,10.395,0.3176430497069554
2080,10.4,0.3464298556146283
2081,10.405,0.37404937912930153
2082,10.41,0.40042668285131455
2083,10.415000000000001,0.4254909023498818
2084,10.42,0.4491754349906147
2085,10.425,0.4714181150203738
2086,10.43,0.4921613744566924
2087,10.435,0.511352389374654
2088,10.44,0.5289432112298913
2089,10.445,0.5448908829039688
2090,10.450000000000001,0.5591575392058625
2091,10.455,0.5717104916118441
2092,10.46,0.5825222970748596
2093,10.465,0.5915708107833119
2094,10.47,0.5988392227985971
2095,10.475,0.6043160785495165
2096,10.48,0.6079952832107808
2097,10.485,0.6098760900412032
2098,10.49,0.6099630728053193
2099,10.495000000000001,0.6082660824494406
2100,10.5,0.604800188249871
2101,10.505,0.599585603696616
2102,10.51,0.5926475974206176
2103,10.515,0.5840163895159279
2104,10.52,0.5737270336504724
2105,10.525,0.5618192853996465
2106,10.53,0.5483374572762997
2107,10.535,0.5333302609679847
2108,10.540000000000001,0.5168506373283325
2109,10.545,0.498955574703016
2110,10.55,0.4797059162029284
2111,10.555,0.45916615656702947
2112,10.56,0.43740422928487405
2113,10.565,0.41449128467483554
2114,10.57,0.39050145963681954
2115,10.575000000000001,0.3655116398197518
2116,10.58,0.3396012149623854
2117,10.585,0.3128518281823826
2118,10.59,0.28534712000236007
2119,10.595,0.2571724679127741
2120,10.6,0.22841472228053647
2121,10.605,0.1991619394182454
2122,10.61,0.16950311263304654
2123,10.615,0.1395279020749917
2124,10.620000000000001,0.10932636420404497
2125,10.625,0.0789886816906153
2126,10.63,0.04860489455878693
2127,10.635,0.018264633372701112
2128,10.64,-0.011943144744669664
2129,10.645,-0.04193041648388089
2130,10.65,-0.07161034835219444
2131,10.655,-0.10089754756454694
2132,10.66,-0.1297083070995865
2133,10.665000000000001,-0.15796084421975498
2134,10.67,-0.1855755317787061
2135,10.675,-0.2124751216650083
2136,10.68,-0.23858495975885782
2137,10.685,-0.2638331918082494
2138,10.69,-0.28815095966160925
2139,10.695,-0.311472587327168
2140,10.700000000000001,-0.33373575636257763
2141,10.705,-0.3548816701344093
2142,10.71,-0.3748552065229438
2143,10.715,-0.3936050586855939
2144,10.72,-0.4110838635307787
2145,10.725,-0.42724831759317855
2146,10.73,-0.44205928004153516
2147,10.735,-0.4554818625904628
2148,10.74,-0.46748550612908585
2149,10.745000000000001,-0.4780440439202315
2150,10.75,-0.48713575126576986
2151,10.755,-0.4947433815750075
2152,10.76,-0.5008541888145988
2153,10.765,-0.5054599363597896
2154,10.77,-0.5085568923076291
2155,10.775,-0.5101458113534301
2156,10.78,-0.5102319033716293
2157,10.785,-0.5088247888814822
2158,10.790000000000001,-0.505938441616506
2159,10.795,-0.5015911184540974
2160,10.8,-0.4958052769983049
2161,10.805,-0.48860748114414265
2162,10.81,-0.4800282949859561
2163,10.815,-0.47010216546528466
2164,10.82,-0.45886729418498085
2165,10.825000000000001,-0.44636549884643056
2166,10.83,-0.4326420647948828
2167,10.835,-0.4177455871847458
2168,10.84,-0.401727804301606
2169,10.845,-0.3846434226007956
2170,10.85,-0.3665499340438553
2171,10.855,-0.34750742633335047
2172,10.86,-0.327578386664271
2173,10.865,-0.306827499625364
2174,10.870000000000001,-0.2853214398974821
2175,10.875,-0.26312866040715177
2176,10.88,-0.2403191766029706
2177,10.885,-0.2169643475297566
2178,10.89,-0.19313665438012073
2179,10.895,-0.16890947720665564
2180,10.9,-0.14435687047827134
2181,10.905,-0.11955333816358223
2182,10.91,-0.09457360902051773
2183,10.915000000000001,-0.06949241276646057
2184,10.92,-0.044384257795605044
2185,10.925,-0.019323211101136887
2186,10.93,0.00561731895136987
2187,10.935,0.03036479636620459
2188,10.94,0.05484776715692036
2189,10.945,0.0789960642814414
2190,10.950000000000001,0.10274100728944452
2191,10.955,0.12601559611902902
2192,10.96,0.14875469850109005
2193,10.965,0.1708952304527977
2194,10.97,0.1923763293666367
2195,10.975,0.2131395192266288
2196,10.98,0.23312886751106732
2197,10.985,0.25229113336893005
2198,10.99,0.27057590668674036
2199,10.995000000000001,0.2879357376926196
2200,11.0,0.3043262567756729
2201,11.005,0.31970628423055447
2202,11.01,0.33403792966954365
2203,11.015,0.3472866808778333
2204,11.02,0.3594214819208303
2205,11.025,0.3704148003465303
2206,11.03,0.38024268335985406
2207,11.035,0.38888480288023963
2208,11.040000000000001,0.3963244894278839
2209,11.045,0.4025487548183301
2210,11.05,0.40754830367897266
2211,11.055,0.4113175338348074
2212,11.06,0.4138545256440284
2213,11.065,0.41516102039689223
2214,11.07,0.4152423879235058
2215,11.075000000000001,0.41410758358773275
2216,11.08,0.41176909487521074
2217,11.085,0.40824287781335833
2218,11.09,0.4035482834902793
2219,11.095,0.3977079749673545
2220,11.1,0.39074783490724113
2221,11.105,0.38269686426456473
2222,11.11,0.37358707241115174
2223,11.115,0.3634533590905759
2224,11.120000000000001,0.3523333886187586
2225,11.125,0.34026745676743225
2226,11.13,0.3272983507862803
2227,11.135,0.3134712030368265
2228,11.14,0.2988333387267743
2229,11.145,0.2834341182478337
2230,11.15,0.26732477463228926
2231,11.155,0.25055824665472515
2232,11.16,0.23318900811409854
2233,11.165000000000001,0.21527289383918327
2234,11.17,0.19686692296583397
2235,11.175,0.1780291200387266
2236,11.18,0.15881833449257426
2237,11.185,0.13929405906823578
2238,11.19,0.11951624771839822
2239,11.195,0.09954513355431673
2240,11.200000000000001,0.07944104738117819
2241,11.205,0.05926423736319446
2242,11.21,0.03907469035210465
2243,11.215,0.018931955403654454
2244,11.22,-0.0011050300044386935
2245,11.225,-0.020978110551283933
2246,11.23,-0.04063007996070073
2247,11.235,-0.06000484372506466
2248,11.24,-0.07904757720881203
2249,11.245000000000001,-0.0977048786923651
2250,11.25,-0.11592491693647615
2251,11.255,-0.13365757286660088
2252,11.26,-0.1508545749979603
2253,11.265,-0.1674696282440226
2254,11.27,-0.18345853577376753
2255,11.275,-0.19877931360706275
2256,11.28,-0.21339229766169712
2257,11.285,-0.2272602429909315
2258,11.290000000000001,-0.24034841497603404
2259,11.295,-0.25262467226456164
2260,11.3,-0.26405954127181736
2261,11.305,-0.2746262820897885
2262,11.31,-0.2843009456753444
2263,11.315,-0.2930624222166648
2264,11.32,-0.30089248060455087
2265,11.325000000000001,-0.3077757989626507
2266,11.33,-0.3136999862181611
2267,11.335,-0.3186555947217413
2268,11.34,-0.3226361239523922
2269,11.345,-0.3256380153697938
2270,11.35,-0.3276606385027479
2271,11.355,-0.32870626838827144
2272,11.36,-0.3287800545009993
2273,11.365,-0.3278899813372193
2274,11.370000000000001,-0.32604682084170306
2275,11.375,-0.32326407688861764
2276,11.38,-0.31955792205008315
2277,11.385,-0.3149471269073341
2278,11.39,-0.3094529821798341
2279,11.395,-0.30309921396717354
2280,11.4,-0.2959118924168621
2281,11.405,-0.2879193341484838
2282,11.41,-0.2791519987806536
2283,11.415000000000001,-0.2696423799222976
2284,11.42,-0.2594248910032842
2285,11.425,-0.24853574633202627
2286,11.43,-0.2370128377787419
2287,11.435,-0.2248956074928808
2288,11.44,-0.21222491707185384
2289,11.445,-0.19904291360520437
2290,11.450000000000001,-0.18539289302439282
2291,11.455,-0.17131916119260954
2292,11.46,-0.15686689317231448
2293,11.465,-0.14208199110988085
2294,11.47,-0.12701094117706438
2295,11.475,-0.1117006700082167
2296,11.48,-0.09619840106966088
2297,11.485,-0.08055151139440793
2298,11.49,-0.0648073891100693
2299,11.495000000000001,-0.04901329218222488
2300,11.5,-0.033216208787642
2301,11.505,-0.017462719723531837
2302,11.51,-0.0017988632492217042
2303,11.515,0.013729997254325773
2304,11.52,0.029079302433449312
2305,11.525,0.04420542255858844
2306,11.53,0.05906577922215681
2307,11.535,0.07361896280567065
2308,11.540000000000001,0.08782484539995335
2309,11.545,0.10164468887890397
2310,11.55,0.11504124784455827
2311,11.555,0.12797886717921467
2312,11.56,0.1404235739591917
2313,11.565,0.15234316350381716
2314,11.57,0.16370727935329135
2315,11.575000000000001,0.17448748698905822
2316,11.58,0.18465734113106377
2317,11.585,0.19419244646723244
2318,11.59,0.20307051169150486
2319,11.595,0.21127139674843745
2320,11.6,0.21877715320350302
2321,11.605,0.22557205768013486
2322,11.61,0.23164263832575224
2323,11.615,0.23697769429071985
2324,11.620000000000001,0.24156830822527925
2325,11.625,0.24540785182076588
2326,11.63,0.24849198444209197
2327,11.635,0.2508186449190471
2328,11.64,0.25238803658405157
2329,11.645,0.2532026056636198
2330,11.65,0.25326701314993294
2331,11.655,0.2525881002975154
2332,11.66,0.2511748479079438
2333,11.665000000000001,0.24903832958285205
2334,11.67,0.24619165914205818
2335,11.675,0.24264993241950525
2336,11.68,0.23843016366475486
2337,11.685,0.23355121679195803
2338,11.69,0.22803373173163022
2339,11.695,0.2219000461529261
2340,11.700000000000001,0.21517411283572407
2341,11.705,0.20788141298227303
2342,11.71,0.20004886576781614
2343,11.715,0.1917047344381815
2344,11.72,0.1828785292697928
2345,11.725,0.17360090771415349
2346,11.73,0.16390357205450143
2347,11.735,0.15381916490626835
2348,11.74,0.14338116289687958
2349,11.745000000000001,0.13262376886287164
2350,11.75,0.12158180290250553
2351,11.755,0.11029059262386177
2352,11.76,0.09878586292639996
2353,11.765,0.08710362565249663
2354,11.77,0.07528006944312575
2355,11.775,0.06335145012691855
2356,11.78,0.0513539819684572
2357,11.785,0.03932373009461617
2358,11.790000000000001,0.027296504412202695
2359,11.795,0.015307755321638732
2360,11.8,0.003392471523857729
2361,11.805,-0.008414919792068116
2362,11.81,-0.02008065010308644
2363,11.815,-0.03157170378103217
2364,11.82,-0.04285590914105635
2365,11.825000000000001,-0.05390202606609936
2366,11.83,-0.06467982997707888
2367,11.835,-0.07516019193150367
2368,11.84,-0.08531515464715284
2369,11.845,-0.09511800426191651
2370,11.85,-0.10454333765545845
2371,11.855,-0.11356712517369198
2372,11.86,-0.12216676861261683
2373,11.865,-0.13032115433345762
2374,11.870000000000001,-0.13801070139761953
2375,11.875,-0.1452174046257355
2376,11.88,-0.15192487250161302
2377,11.885,-0.15811835985820272
2378,11.89,-0.16378479529927417
2379,11.895,-0.1689128033267281
2380,11.9,-0.17349272115985168
2381,11.905,-0.1775166102494704
2382,11.91,-0.1809782625049433
2383,11.915000000000001,-0.18387320126915338
2384,11.92,-0.1861986770911425
2385,11.925,-0.18795365836166547
2386,11.93,-0.1891388168923145
2387,11.935,-0.18975650853214893
2388,11.94,-0.18981074893144423
2389,11.945,-0.18930718457431933
2390,11.950000000000001,-0.18825305921641491
2391,11.955,-0.18665717587479702
2392,11.96,-0.18452985453095958
2393,11.965,-0.18188288571783484
2394,11.97,-0.17872948017290682
2395,11.975,-0.17508421475010486
2396,11.98,-0.17096297479114986
2397,11.985,-0.16638289316745944
2398,11.99,-0.1613622862100522
2399,11.995000000000001,-0.15592058675345974
2400,12.0,-0.15007827452455674
2401,12.005,-0.14385680411452084
2402,12.01,-0.1372785307757643
2403,12.015,-0.1303666342902019
2404,12.02,-0.12314504115892844
2405,12.025,-0.1156383453647442
2406,12.030000000000001,-0.10787172796212498
2407,12.035,-0.09987087574894733
2408,12.040000000000001,-0.09166189927499886
2409,12.045,-0.08327125044157571
2410,12.05,-0.07472563994486617
2411,12.055,-0.06605195481390994
2412,12.06,-0.05727717629065705
2413,12.065,-0.048428298296576515
2414,12.07,-0.039532246725029224
2415,12.075000000000001,-0.030615799794640575
2416,12.08,-0.02170550969234176
2417,12.085,-0.012827625728875478
2418,12.09,-0.004008019222540002
2419,12.095,0.004727889680730808
2420,12.1,0.013355203050691846
2421,12.105,0.02184961388815746
2422,12.11,0.030187472329826225
2423,12.115,0.038345849169899374
2424,12.120000000000001,0.04630259653542269
2425,12.125,0.05403640556303543
2426,12.13,0.061526860935222416
2427,12.135,0.06875449214545669
2428,12.14,0.07570082137273708
2429,12.145,0.08234840785777685
2430,12.15,0.08868088868470698
2431,12.155000000000001,0.09468301588435396
2432,12.16,0.10034068978674394
2433,12.165000000000001,0.10564098856326902
2434,12.17,0.11057219391061358
2435,12.175,0.11512381284100699
2436,12.18,0.11928659555575583
2437,12.185,0.1230525493904973
2438,12.19,0.12641494883351942
2439,12.195,0.12936834162962688
2440,12.200000000000001,0.1319085509944426
2441,12.205,0.13403267397472887
2442,12.21,0.13573907600260174
2443,12.215,0.13702738170172812
2444,12.22,0.13789846201464317
2445,12.225,0.13835441773102455
2446,12.23,0.1383985595059143
2447,12.235,0.1380353844677129
2448,12.24,0.13727054952394704
2449,12.245000000000001,0.13611084148258987
2450,12.25,0.13456414411394602
2451,12.255,0.13263940228725882
2452,12.26,0.1303465833226211
2453,12.265,0.1276966357059813
2454,12.27,0.12470144532177518
2455,12.275,0.12137378936250665
2456,12.280000000000001,0.11772728808116029
2457,12.285,0.11377635455595049
2458,12.290000000000001,0.10953614264160806
2459,12.295,0.10502249328477192
2460,12.3,0.10025187938402501
2461,12.305,0.09524134937756347
2462,12.31,0.09000846974308574
2463,12.315,0.08457126659619565
2464,12.32,0.07894816657336048
2465,12.325000000000001,0.07315793718660352
2466,12.33,0.06721962683569307
2467,12.335,0.061152504663011205
2468,12.34,0.054976000434519404
2469,12.345,0.048709644627985396
2470,12.35,0.042373008907148804
2471,12.355,0.035985647156965166
2472,12.36,0.029567037251840653
2473,12.365,0.023136523723919177
2474,12.370000000000001,0.01671326149454395
2475,12.375,0.010316160826359914
2476,12.38,0.003963833648276264
2477,12.385,-0.002325458600447964
2478,12.39,-0.008533855467116979
2479,12.395,-0.01464394619016796
2480,12.4,-0.020638816485151385
2481,12.405000000000001,-0.02650209329307893
2482,12.41,-0.03221798737971398
2483,12.415000000000001,-0.03777133368219367
2484,12.42,-0.04314762930737416
2485,12.425,-0.04833306909458986
2486,12.43,-0.05331457866395615
2487,12.435,-0.058079844879745136
2488,12.44,-0.06261734366726354
2489,12.445,-0.06691636513021752
2490,12.450000000000001,-0.07096703592457189
2491,12.455,-0.07476033885346657
2492,12.46,-0.07828812965697289
2493,12.465,-0.0815431509789958
2494,12.47,-0.08451904350253597
2495,12.475,-0.08721035425336837
2496,12.48,-0.08961254208036032
2497,12.485,-0.09172198032972532
2498,12.49,-0.09353595673825403
2499,12.495000000000001,-0.09505267057928066
2500,12.5,-0.09627122710237661
2501,12.505,-0.09719162931629012
2502,12.51,-0.09781476717151998
2503,12.515,-0.09814240420635457
2504,12.52,-0.09817716172739237
2505,12.525,-0.09792250060153836
2506,12.530000000000001,-0.09738270074364647
2507,12.535,-0.09656283838929687
2508,12.540000000000001,-0.09546876124818159
2509,12.545,-0.0941070616387742
2510,12.55,-0.09248504770987637
2511,12.555,-0.09061071285920756
2512,12.56,-0.08849270346322355
2513,12.565,-0.08614028503647382
2514,12.57,-0.08356330694143033
2515,12.575000000000001,-0.08077216577354489
2516,12.58,-0.07777776754808483
2517,12.585,-0.07459148881776745
2518,12.59,-0.07122513685179072
2519,12.595,-0.06769090900809993
2520,12.6,-0.06400135143163943
2521,12.605,-0.06016931721161666
2522,12.61,-0.05620792413115997
2523,12.615,-0.0521305121417474
2524,12.620000000000001,-0.047950600694758
2525,12.625,-0.043681846060660584
2526,12.63,-0.03933799876510371
2527,12.635,-0.03493286126929514
2528,12.64,-0.030480246019329218
2529,12.645,-0.02599393398706309
2530,12.65,-0.021487633821543995
2531,12.655000000000001,-0.016974941727159076
2532,12.66,-0.012469302180568355
2533,12.665000000000001,-0.007983969594961848
2534,12.67,-0.003531971035671149
2535,12.675,0.0008739299132299251
2536,12.68,0.005221268036405755
2537,12.685,0.009497910038948957
2538,12.69,0.013692086677509267
2539,12.695,0.01779242339152165
2540,12.700000000000001,0.021787969360720354
2541,12.705,0.025668224920862612
2542,12.71,0.029423167275399297
2543,12.715,0.033043274446818774
2544,12.72,0.03651954741742997
2545,12.725,0.0398435304155427
2546,12.73,0.04300732930908362
2547,12.735,0.04600362807506812
2548,12.74,0.04882570331945694
2549,12.745000000000001,0.051467436828340526
2550,12.75,0.0539233261373915
2551,12.755,0.056188493112974545
2552,12.76,0.05825869054426312
2553,12.765,0.060130306751767955
2554,12.77,0.06180036822386515
2555,12.775,0.0632665402983323
2556,12.780000000000001,0.06452712591213965
2557,12.785,0.06558106244792232
2558,12.790000000000001,0.06642791671119071
2559,12.795,0.06706787807750623
2560,12.8,0.06750174985394984
2561,12.805,0.0677309389040536
2562,12.81,0.06775744358996154
2563,12.815,0.06758384009024891
2564,12.82,0.06721326715553694
2565,12.825000000000001,0.06664940936857952
2566,12.83,0.06589647897872612
2567,12.835,0.06495919638431262
2568,12.84,0.06384276933964474
2569,12.845,0.06255287096611233
2570,12.85,0.061095616649605854
2571,12.855,0.05947753990863493
2572,12.86,0.05770556731984375
2573,12.865,0.05578699258885072
2574,12.870000000000001,0.05372944985642039
2575,12.875,0.05154088633061199
2576,12.88,0.049229534336680945
2577,12.885,0.04680388287700037
2578,12.89,0.044272648793543645
2579,12.895,0.04164474762550515
2580,12.9,0.03892926425424002
2581,12.905000000000001,0.036135423427381255
2582,12.91,0.03327256025272612
2583,12.915000000000001,0.030350090751880027
2584,12.92,0.027377482561886185
2585,12.925,0.02436422587160951
2586,12.93,0.021319804677852893
2587,12.935,0.01825366844382645
2588,12.94,0.015175204240617579
2589,12.945,0.01209370944942697
2590,12.950000000000001,0.00901836509989307
2591,12.955,0.005958209916606794
2592,12.96,0.002922115143025101
2593,12.965,-8.123979139232137e-05
2594,12.97,-0.0030433906984932454
2595,12.975,-0.005956111094330545
2596,12.98,-0.00881143364265804
2597,12.985,-0.011601670527726314
2598,12.99,-0.014319432709165286
2599,12.995000000000001,-0.016957648015685965
2600,13.0,-0.01950957803849383
2601,13.005,-0.021968833789490796
2602,13.01,-0.024329390093546146
2603,13.015,-0.02658559868841348
2604,13.02,-0.02873220001018344
2605,13.025,-0.030764333646376422
2606,13.030000000000001,-0.03267754744319554
2607,13.035,-0.03446780525767177
2608,13.040000000000001,-0.03613149334968153
2609,13.045,-0.037665425413069144
2610,13.05,-0.039066846249233345
2611,13.055,-0.040333434090625814
2612,13.06,-0.041463301585612
2613,13.065,-0.04245499546015672
2614,13.07,-0.043307494875395806
2615,13.075000000000001,-0.04402020850414707
2616,13.08,-0.04459297035278643
2617,13.085,-0.045026034358462384
2618,13.09,-0.04532006779492985
2619,13.095,-0.045476143523448115
2620,13.1,-0.04549573112821227
2621,13.105,-0.04538068697859297
2622,13.11,-0.04513324326331157
2623,13.115,-0.04475599604385156
2624,13.120000000000001,-0.04425189237715671
2625,13.125,-0.04362421655948057
2626,13.13,-0.04287657554532837
2627,13.135,-0.042012883597315455
2628,13.14,-0.04103734622400538
2629,13.145,-0.039954443464589054
2630,13.15,-0.03876891258005163
2631,13.155000000000001,-0.037485730211782656
2632,13.16,-0.036110094068985264
2633,13.165000000000001,-0.03464740420722091
2634,13.17,-0.0331032439604904
2635,13.175,-0.03148336058954126
2636,13.18,-0.02979364570918692
2637,13.185,-0.02804011555691776
2638,13.19,-0.026228891165072897
2639,13.195,-0.02436617849791321
2640,13.200000000000001,-0.022458248614464014
2641,13.205,-0.02051141791676527
2642,13.21,-0.018532028542360333
2643,13.215,-0.0165264289583766
2644,13.22,-0.014500954813169922
2645,13.225,-0.012461910100032031
2646,13.23,-0.010415548685516928
2647,13.235,-0.008368056253348114
2648,13.24,-0.006325532712638661
2649,13.245000000000001,-0.004293975117233506
2650,13.25,-0.002279261140593392
2651,13.255,-0.0002871331484525545
2652,13.26,0.0016768170910198648
2653,13.265,0.0036071630223488494
2654,13.27,0.0054986572084806
2655,13.275,0.007346244495184486
2656,13.280000000000001,0.009145074404814452
2657,13.285,0.010890512732973279
2658,13.290000000000001,0.01257815232438597
2659,13.295,0.014203823007148146
2660,13.3,0.015763600667388827
2661,13.305,0.017253815449248283
2662,13.31,0.01867105906797726
2663,13.315,0.020012191226851724
2664,13.32,0.02127434513141857
2665,13.325000000000001,0.022454932097496508
2666,13.33,0.023551645252141335
2667,13.335,0.02456246232955093
2668,13.34,0.025485647566648957
2669,13.345,0.026319752705737536
2670,13.35,0.027063617114243876
2671,13.355,0.02771636703409873
2672,13.36,0.028277413975849434
2673,13.365,0.028746452274825147
2674,13.370000000000001,0.02912345582918376
2675,13.375,0.02940867404171383
2676,13.38,0.029602626989452437
2677,13.385,0.029706099847157122
2678,13.39,0.029720136592571708
2679,13.395,0.029646033023207126
2680,13.4,0.029485329115989937
2681,13.405000000000001,0.029239800762781508
2682,13.41,0.028911450915977976
2683,13.415000000000001,0.028502500179953264
2684,13.42,0.028015376885072114
2685,13.425,0.02745270668209958
2686,13.43,0.026817301695820243
2687,13.435,0.026112149277236284
2688,13.44,0.025340400394625238
2689,13.445,0.02450535770399672
2690,13.450000000000001,0.023610463340073145
2691,13.455,0.022659286468926294
2692,13.46,0.02165551064376277
2693,13.465,0.02060292100515558
2694,13.47,0.019505391366918912
2695,13.475,0.01836687122864914
2696,13.48,0.01719137275536338
2697,13.485,0.015982957764403793
2698,13.49,0.014745724758937926
2699,13.495000000000001,0.013483796046824608
2700,13.5,0.012201304982591045
2701,13.505,0.010902383369509284
2702,13.51,0.009591149057578659
2703,13.515,0.008271693772120295
2704,13.52,0.0069480712065166875
2705,13.525,0.005624285411184776
2706,13.530000000000001,0.004304279509648581
2707,13.535,0.0029919247709594755
2708,13.540000000000001,0.0016910100662744572
2709,13.545,0.0004052317357689538
2710,13.55,-0.0008618161095901895
2711,13.555,-0.0021066508285677793
2712,13.56,-0.0033259100114131574
2713,13.565,-0.00451635974352175
2714,13.57,-0.005674902353542778
2715,13.575000000000001,-0.006798583630273845
2716,13.58,-0.007884599494576754
2717,13.585,-0.008930302114401335
2718,13.59,-0.009933205452901404
2719,13.595,-0.01089099024151608
2720,13.6,-0.011801508371747595
2721,13.605,-0.012662786701273604
2722,13.61,-0.013473030271869824
2723,13.615,-0.01423062493843629
2724,13.620000000000001,-0.014934139410276881
2725,13.625,-0.015582326707521915
2726,13.63,-0.016174125037328305
2727,13.635,-0.016708658096236745
2728,13.64,-0.017185234806634257
2729,13.645,-0.01760334849697989
2730,13.65,-0.01796267553690918
2731,13.655000000000001,-0.01826307343991648
2732,13.66,-0.018504578447622516
2733,13.665000000000001,-0.018687402611146774
2734,13.67,-0.018811930386280783
2735,13.675,-0.018878714760431334
2736,13.68,-0.01888847293049267
2737,13.685,-0.018842081551760894
2738,13.69,-0.018740571579157476
2739,13.695,-0.018585122722795944
2740,13.700000000000001,-0.018377057540894092
2741,13.705,-0.018117835193622096
2742,13.71,-0.017809044882318662
2743,13.715,-0.017452398998951343
2744,13.72,-0.017049726011237235
2745,13.725,-0.016602963109298454
2746,13.73,-0.01611414863991512
2747,13.735,-0.015585414354845022
2748,13.74,-0.015018977499678085
2749,13.745000000000001,-0.014417132769892937
2750,13.75,-0.013782244160620374
2751,13.755,-0.013116736736682344
2752,13.76,-0.012423088349177863
2753,13.765,-0.011703821324670401
2754,13.77,-0.01096149415275171
2755,13.775,-0.01019869319722883
2756,13.780000000000001,-0.009418024455858579
2757,13.785,-0.00862210539288276
2758,13.790000000000001,-0.007813556868075597
2759,13.795,-0.006994995185318179
2760,13.8,-0.006169024282979712
2761,13.805,-0.0053382280876059065
2762,13.81,-0.00450516305155013
2763,13.815,-0.0036723508943314223
2764,13.82,-0.002842271566484145
2765,13.825000000000001,-0.0020173564537845977
2766,13.83,-0.0011999818386227267
2767,13.835,-0.00039246263429129884
2768,13.84,0.00040295359315850913
2769,13.845,0.001184092301938234
2770,13.85,0.0019488573380267327
2771,13.855,0.0026952359739083986
2772,13.86,0.0034213036124717032
2773,13.865,0.004125228147200988
2774,13.870000000000001,0.0048052739709581495
2775,13.875,0.005459805626890028
2776,13.88,0.00608729109615962
2777,13.885,0.006686304718425846
2778,13.89,0.0072555297421780796
2779,13.895,0.007793760503196552
2780,13.9,0.008299904230605167
2781,13.905000000000001,0.008772982481113304
2782,13.91,0.009212132203161845
2783,13.915000000000001,0.0096166064338281
2784,13.92,0.009985774632381926
2785,13.925,0.01031912265545931
2786,13.93,0.010616252379842239
2787,13.935,0.01087688097976725
2788,13.94,0.01110083986669918
2789,13.945,0.011288073300343867
2790,13.950000000000001,0.011438636680595226
2791,13.955,0.011552694530856023
2792,13.96,0.011630518184030806
2793,13.965,0.011672483183142606
2794,13.97,0.011679066409229255
2795,13.975,0.01165084294982775
2796,13.98,0.011588482721851161
2797,13.985,0.011492746863287577
2798,13.99,0.011364483908526613
2799,13.995000000000001,0.011204625762618632
2800,14.0,0.011014183490036881
2801,14.005,0.01079424293392798
2802,14.01,0.010545960182008204
2803,14.015,0.010270556895490772
2804,14.02,0.009969315517607312
2805,14.025,0.009643574378295947
2806,14.030000000000001,0.009294722711774362
2807,14.035,0.008924195603616597
2808,14.040000000000001,0.008533468883937826
2809,14.045,0.008124053983159185
2810,14.05,0.007697492766667547
2811,14.055,0.007255352364479736
2812,14.06,0.0067992200117481015
2813,14.065,0.006330697915683789
2814,14.07,0.005851398164063288
2815,14.075000000000001,0.0053629376901824675
2816,14.08,0.004866933308628652
2817,14.085,0.00436499683582244
2818,14.09,0.003858730308768445
2819,14.095,0.0033497213149304306
2820,14.1,0.0028395384455871006
2821,14.105,0.0023297268844270987
2822,14.11,0.0018218041425550214
2823,14.115,0.0013172559503952248
2824,14.120000000000001,0.0008175323163737884
2825,14.125,0.0003240437615364972
2826,14.13,-0.00016184226141211308
2827,14.135,-0.0006388047568730766
2828,14.14,-0.0011055723758892219
2829,14.145,-0.0015609264001174288
2830,14.15,-0.002003703514678108
2831,14.155000000000001,-0.002432798365030594
2832,14.16,-0.0028471658937993575
2833,14.165000000000001,-0.0032458234541940523
2834,14.17,-0.0036278526974307906
2835,14.175,-0.003992401232283082
2836,14.18,-0.004338684055635564
2837,14.185,-0.004665984753622806
2838,14.19,-0.004973656473658231
2839,14.195,-0.005261122668342029
2840,14.200000000000001,-0.005527877612941627
2841,14.205,-0.005773486698769494
2842,14.21,-0.005997586505469942
2843,14.215,-0.006199884655819317
2844,14.22,-0.006380159457266426
2845,14.225,-0.006538259335026507
2846,14.23,-0.006674102062066784
2847,14.235,-0.006787673791897525
2848,14.24,-0.006879027900541972
2849,14.245000000000001,-0.006948283644572816
2850,14.25,-0.006995624642498098
2851,14.255,-0.007021297187251543
2852,14.26,-0.00702560839787998
2853,14.265,-0.007008924218889395
2854,14.27,-0.006971667276047674
2855,14.275,-0.006914314597681815
2856,14.280000000000001,-0.006837395210821631
2857,14.285,-0.006741487621714299
2858,14.290000000000001,-0.006627217190445485
2859,14.295,-0.006495253409551242
2860,14.3,-0.006346307096624371
2861,14.305,-0.006181127511010615
2862,14.31,-0.006000499404735737
2863,14.315,-0.0058052400178539125
2864,14.32,-0.005596196028348941
2865,14.325000000000001,-0.005374240466742141
2866,14.33,-0.005140269605439687
2867,14.335,-0.004895199832778003
2868,14.34,-0.004639964521589055
2869,14.345,-0.00437551090195029
2870,14.35,-0.00410279694760144
2871,14.355,-0.00382278828529418
2872,14.36,-0.003536455136124527
2873,14.365,-0.0032447692976001977
2874,14.370000000000001,-0.002948701174964314
2875,14.375,-0.002649216869950729
2876,14.38,-0.0023472753348490476
2877,14.385,-0.002043825599405692
2878,14.39,-0.0017398040777334282
2879,14.395,-0.0014361319620261306
2880,14.4,-0.0011337127094853455
2881,14.405000000000001,-0.0008334296284728379
2882,14.41,-0.0005361435694740227
2883,14.415000000000001,-0.0002426907260536641
2884,14.42,4.611944945672231e-05
2885,14.425,0.00032950621123807816
2886,14.43,0.0006067193623643893
2887,14.435,0.0008770409708761015
2888,14.44,0.0011397869565752216
2889,14.445,0.001394308546035922
2890,14.450000000000001,0.0016399935937613126
2891,14.455,0.0018762677678756405
2892,14.46,0.0021025955991816007
2893,14.465,0.0023184813928546428
2894,14.47,0.002523470002480508
2895,14.475,0.002717147466575806
2896,14.48,0.0028991415081428954
2897,14.485,0.003069121898227497
2898,14.49,0.0032268006848483383
2899,14.495000000000001,0.003371932289054219
2900,14.5,0.003504313470238297
2901,14.505,0.003623783163210087
2902,14.51,0.003730222189867852
2903,14.515,0.003823552848646314
2904,14.52,0.0039037383852456226
2905,14.525,0.003970782348423758
2906,14.530000000000001,0.004024727834946456
2907,14.535,0.004065656628035789
2908,14.540000000000001,0.004093688233912077
2909,14.545,0.004108978821254414
2910,14.55,0.004111720068613886
2911,14.555,0.0041021379250024146
2912,14.56,0.004080491289051443
2913,14.565,0.004047070612295632
2914,14.57,0.004002196432242192
2915,14.575000000000001,0.003946217841032505
2916,14.58,0.0038795108955647986
2917,14.585,0.0038024769750334463
2918,14.59,0.0037155410918875
2919,14.595,0.0036191501622433618
2920,14.6,0.0035137712418010754
2921,14.605,0.0033998897333022975
2922,14.61,0.003278007571558813
2923,14.615,0.003148641392008587
2924,14.620000000000001,0.0030123206887316778
2925,14.625,0.0028695859677532218
2926,14.63,0.002720986901375804
2927,14.635,0.0025670804891838503
2928,14.64,0.0024084292312106627
2929,14.645,0.002245599318651607
2930,14.65,0.002079158847322796
2931,14.655000000000001,0.0019096760589233219
2932,14.66,0.0017377176149503649
2933,14.665000000000001,0.0015638469079554966
2934,14.67,0.0013886224146047654
2935,14.675,0.001212596094801786
2936,14.68,0.001036311840915543
2937,14.685,0.0008603039809100221
2938,14.69,0.0006850958389556361
2939,14.695,0.0005111983568368273
2940,14.700000000000001,0.0003391087792418387
2941,14.705,0.00016930940574135935
2942,14.71,2.266412033181586e-06
2943,14.715,-0.00016157125726121095
2944,14.72,-0.000321772922200642
2945,14.725,-0.00047792712576577047
2946,14.73,-0.0006296425152278879
2947,14.735,-0.0007765486454064399
2948,14.74,-0.0009182967028393823
2949,14.745000000000001,-0.001054560150151371
2950,14.75,-0.0011850352901671408
2951,14.755,-0.0013094417495675011
2952,14.76,-0.0014275228821461101
2953,14.765,-0.0015390460919615728
2954,14.77,-0.0016438030769266978
2955,14.775,-0.001741609993614298
2956,14.780000000000001,-0.001832307544275527
2957,14.785,-0.00191576098730242
2958,14.790000000000001,-0.001991860072562636
2959,14.795,-0.00206051890325298
2960,14.8,-0.0021216757261070932
2961,14.805,-0.002175292651971284
2962,14.81,-0.0022213553089527774
2963,14.815,-0.002259872430500661
2964,14.82,-0.0022908753809284923
2965,14.825000000000001,-0.0023144176210604557
2966,14.83,-0.002330574116768113
2967,14.835,-0.0023394406933426714
2968,14.84,-0.002341133338713497
2969,14.845,-0.0023357874586385514
2970,14.85,-0.002323557087101799
2971,14.855,-0.0023046140551801126
2972,14.86,-0.0022791471217558966
2973,14.865,-0.002247361069478444
2974,14.870000000000001,-0.00220947576941543
2975,14.875,-0.002165725217884432
2976,14.88,-0.002116356548949818
2977,14.885,-0.0020616290260980583
2978,14.89,-0.002001813016590832
2979,14.895,-0.0019371889519742733
2980,14.9,-0.001868046278210962
2981,14.905000000000001,-0.0017946823988611094
2982,14.91,-0.0017174016146801374
2983,14.915000000000001,-0.001636514062980114
2984,14.92,-0.0015523346599862285
2985,14.925,-0.0014651820494033408
2986,14.93,-0.001375377560281511
2987,14.935,-0.0012832441771969936
2988,14.94,-0.0011891055256835527
2989,14.945,-0.0010932848757073412
2990,14.950000000000001,-0.0009961041659054166
2991,14.955,-0.0008978830511727014
2992,14.96,-0.0007989379760495817
2993,14.965,-0.0006995812762655466
2994,14.97,-0.0006001203106226549
2995,14.975,-0.0005008566252980397
2996,14.98,-0.00040208515248608284
2997,14.985,-0.00030409344516021155
2998,14.99,-0.00020716094959124436
2999,14.995000000000001,-0.00011155831710826855
3000,15.0,-1.754675643352378e-05
3001,15.005,7.462257221806906e-05
3002,15.01,0.00016470912025161043
3003,15.015,0.00025248347013167395
3004,15.02,0.0003377278104259574
3005,15.025,0.00042023636587711397
3006,15.030000000000001,0.0004998157820775105
3007,15.035,0.0005762854644709037
3008,15.040000000000001,0.0006494778715524018
3009,15.045,0.0007192387622800629
3010,15.05,0.0007854273978528692
3011,15.055,0.0008479166981519179
3012,15.06,0.0009065933532667399
3013,15.065,0.0009613578906686085
3014,15.07,0.001012124698713815
3015,15.075000000000001,0.0010588220072785632
3016,15.08,0.001101391826450466
3017,15.085,0.0011397898443041019
3018,15.09,0.001173985284901604
3019,15.095,0.001203960727756073
3020,15.1,0.0012297118900861461
3021,15.105,0.0012512473732848345
3022,15.11,0.001268588375104631
3023,15.115,0.001281768369131237
3024,15.120000000000001,0.0012908327532040007
3025,15.125,0.0012958384684764882
3026,15.13,0.001296853590899514
3027,15.135,0.0012939568969309492
3028,15.14,0.0012872374053306773
3029,15.145,0.0012767938969456354
3030,15.15,0.0012627344143939913
3031,15.155000000000001,0.001245175743606483
3032,15.16,0.0012242428791886856
3033,15.165000000000001,0.0012000684755668896
3034,15.17,0.001172792285913093
3035,15.175,0.001142560590806612
3036,15.18,0.0011095256186109505
3037,15.185,0.0010738449595157013
3038,15.19,0.0010356809751719605
3039,15.195,0.0009952002058313872
3040,15.200000000000001,0.0009525727768646224
3041,15.205,0.000907971806491595
3042,15.21,0.0008615728165331887
3043,15.215,0.0008135531479201155
3044,15.22,0.0007640913826746368
3045,15.225,0.0007133667740016993
3046,15.23,0.0006615586860769103
3047,15.235,0.0006088460450638438
3048,15.24,0.0005554068028080619
3049,15.245000000000001,0.0005014174146050425
3050,15.25,0.00044705233235852793
3051,15.255,0.00039248351436530746
3052,15.26,0.00033787995290228217
3053,15.265,0.0002834072206917476
3054,15.27,0.00022922703725771756
3055,15.275,0.00017549685609373475
3056,15.280000000000001,0.00012236947348169292
3057,15.285,6.999265971779591e-05
3058,15.290000000000001,1.8508813415846486e-05
3059,15.295,-3.194536052665713e-05
3060,15.3,-8.123914880003323e-05
3061,15.305,-0.0001292481029769558
3062,15.31,-0.00017585428789996426
3063,15.315,-0.00022094650491531943
3064,15.32,-0.0002644204897911145
3065,15.325000000000001,-0.0003061790852372771
3066,15.33,-0.0003461323880266139
3067,15.335,-0.00038419787079518007
3068,15.34,-0.0004203004786754709
3069,15.345,-0.000454372700991092
3070,15.35,-0.00048635461831628715
3071,15.355,-0.0005161939252690827
3072,15.36,-0.0005438459294784116
3073,15.365,-0.0005692735272290174
3074,15.370000000000001,-0.0005924471563471315
3075,15.375,-0.000613344726953011
3076,15.38,-0.0006319515307568203
3077,15.385,-0.0006482601296311477
3078,15.39,-0.0006622702242402125
3079,15.395,-0.0006739885035491769
3080,15.4,-0.0006834284760830552
3081,15.405000000000001,-0.0006906102838402803
3082,15.41,-0.0006955604997985253
3083,15.415000000000001,-0.0006983119099901218
3084,15.42,-0.0006989032811368351
3085,15.425,-0.0006973791148749506
3086,15.43,-0.0006937893896069979
3087,15.435,-0.0006881892910384504
3088,15.44,-0.0006806389324761693
3089,15.445,-0.0006712030659604059
3090,15.450000000000001,-0.0006599507853218126
3091,15.455,-0.0006469552222509482
3092,15.46,-0.0006322932364603201
3093,15.465,-0.0006160451010298689
3094,15.47,-0.0005982941839995647
3095,15.475,-0.000579126627277557
3096,15.48,-0.0005586310239101405
3097,15.485000000000001,-0.0005368980947420578
3098,15.49,-0.0005140203654805518
3099,15.495000000000001,-0.0004900918451477404
3100,15.5,-0.0004652077068860453
3101,15.505,-0.0004394639720505874
3102,15.51,-0.0004129571984911173
3103,15.515,-0.0003857841738969165
3104,15.52,-0.0003580416150423736
3105,15.525,-0.00032982587373186887
3106,15.530000000000001,-0.0003012326502121685
3107,15.535,-0.0002723567147696378
3108,15.540000000000001,-0.00024329163820132192
3109,15.545,-0.0002141295317965611
3110,15.55,-0.000184960797426607
3111,15.555,-0.00015587388829865122
3112,15.56,-0.00012695508087794079
3113,15.565,-9.828825844376538e-05
3114,15.57,-6.995470669476265e-05
3115,15.575000000000001,-4.203292177310697e-05
3116,15.58,-1.459843103217759e-05
3117,15.585,1.2276373176348988e-05
3118,15.59,3.852238646421335e-05
3119,15.595,6.407393193319039e-05
3120,15.6,8.886888612757396e-05
3121,15.605,0.00011284879131892764
3122,15.610000000000001,0.00013595895407350473
3123,15.615,0.0001581485300967462
3124,15.620000000000001,0.0001793705953922642
3125,15.625,0.00019958220381332444
3126,15.63,0.0002187444311267991
3127,15.635,0.00023682240574764588
3128,15.64,0.00025378532634006876
3129,15.645,0.00026960646651919186
3130,15.65,0.000284263166920006
3131,15.655000000000001,0.0002977368149350989
3132,15.66,0.00031001281245526135
3133,15.665000000000001,0.0003210805319732138
3134,15.67,0.0003309332614448678
3135,15.675,0.00033956813832235796
3136,15.68,0.00034698607320259625
3137,15.685,0.00035319166355578496
3138,15.69,0.00035819309801765425
3139,15.695,0.0003620020517501367
3140,15.700000000000001,0.0003646335733910024
3141,15.705,0.00036610596412561927
3142,15.71,0.00036644064943214277
3143,15.715,0.0003656620440537225
3144,15.72,0.00036379741076957196
3145,15.725,0.0003608767135357876
3146,15.73,0.0003569324655745072
3147,15.735000000000001,0.00035199957299618097
3148,15.74,0.00034611517453263696
3149,15.745000000000001,0.00033931847796766097
3150,15.75,0.0003316505938411676
3151,15.755,0.00032315436700174576
3152,15.76,0.00031387420657943646
3153,15.765,0.0003038559149354358
3154,15.77,0.00029314651614374703
3155,15.775,0.0002817940845449338
3156,15.780000000000001,0.0002698475738996591
3157,15.785,0.00025735664765869824
3158,15.790000000000001,0.00024437151084791774
3159,15.795,0.00023094274405354356
3160,15.8,0.00021712113997414463
3161,15.805,0.00020295754298681586
3162,15.81,0.0001885026921571271
3163,15.815,0.00017380706810172096
3164,15.82,0.00015892074408960683
3165,15.825000000000001,0.0001438932417503397
3166,15.83,0.000128773391729018
3167,15.835,0.00011360919961102568
3168,15.84,9.844771741150108e-05
3169,15.845,8.333492090165556e-05
3170,15.85,6.831559302221393e-05
3171,15.855,5.343321360513118e-05
3172,15.860000000000001,3.8729855604726325e-05
3173,15.865,2.424608801186509e-05
3174,15.870000000000001,1.0020885600258944e-05
3175,15.875,-3.908454368742005e-06
3176,15.88,-1.7506388383704458e-05
3177,15.885,-3.0739195785687885e-05
3178,15.89,-4.3575040683803794e-05
3179,15.895,-5.598402665486642e-05
3180,15.9,-6.793824422150318e-05
3181,15.905000000000001,-7.94118111250798e-05
3182,15.91,-9.038090543288092e-05
3183,15.915000000000001,-0.00010082379153955776
3184,15.92,-0.00011072083914373838
3185,15.925,-0.00012005453530121573
3186,15.93,-0.0001288094896748037
3187,15.935,-0.0001369724331194122
3188,15.94,-0.00014453220975942487
3189,15.945,-0.0001514797627303516
3190,15.950000000000001,-0.00015780811377446685
3191,15.955,-0.0001635123368939478
3192,15.96,-0.00016858952627827998
3193,15.965,-0.0001730387587376488
3194,15.97,-0.0001768610508831412
3195,15.975,-0.00018005931130765765
3196,15.98,-0.00018263828803040885
3197,15.985000000000001,-0.000184604511475902
3198,15.99,-0.00018596623326745584
3199,15.995000000000001,-0.00018673336112032135
3200,16.0,-0.0001869173901267242
3201,16.005,-0.00018653133072839387
3202,16.01,-0.00018558963367593115
3203,16.015,-0.00018410811227770812
3204,16.02,-0.00018210386224132958
3205,16.025,-0.0001795951794119491
3206,16.03,-0.0001766014757110315
3207,16.035,-0.00017314319357781787
3208,16.04,-0.00016924171921344546
3209,16.045,-0.0001649192949242431
3210,16.05,-0.00016019893085753319
3211,16.055,-0.00015510431641710084
3212,16.06,-0.00014965973164061152
3213,16.065,-0.00014388995881528974
3214,16.07,-0.00013782019459995668
3215,16.075,-0.00013147596291447728
3216,16.080000000000002,-0.0001248830288490537
3217,16.085,-0.00011806731383672223
3218,16.09,-0.0001110548123228342
3219,16.095,-0.00010387151015507539
3220,16.1,-9.654330490777672e-05
3221,16.105,-8.90959283415845e-05
3222,16.11,-8.155487119032249e-05
3223,16.115000000000002,-7.394531045356284e-05
3224,16.12,-6.629203936218774e-05
3225,16.125,-5.861940017172074e-05
3226,16.13,-5.0951219925986765e-05
3227,16.135,-4.3310749320781825e-05
3228,16.14,-3.572060478496135e-05
3229,16.145,-2.8202713883081967e-05
3230,16.15,-2.0778264131089345e-05
3231,16.155,-1.3467655304231738e-05
3232,16.16,-6.290455302911527e-06
3233,16.165,7.346403701598861e-07
3234,16.17,7.589845480335888e-06
3235,16.175,1.4258316250740291e-05
3236,16.18,2.0724180854726706e-05
3237,16.185,2.6972565206735458e-05
3238,16.19,3.2989615058745876e-05
3239,16.195,3.8762514420835274e-05
3240,16.2,4.427950033561131e-05
3241,16.205000000000002,4.952987404654766e-05
3242,16.21,5.450400861104035e-05
3243,16.215,5.9193353018580053e-05
3244,16.22,6.359043288399688e-05
3245,16.225,6.768884779474655e-05
3246,16.23,7.148326540003212e-05
3247,16.235,7.496941233718158e-05
3248,16.240000000000002,7.814406209868744e-05
3249,16.245,8.100501995034849e-05
3250,16.25,8.355110501740983e-05
3251,16.255,8.578212966187626e-05
3252,16.26,8.769887627939204e-05
3253,16.265,8.930307164950882e-05
3254,16.27,9.059735897723037e-05
3255,16.275,9.158526776782316e-05
3256,16.28,9.227118168054359e-05
3257,16.285,9.266030450894066e-05
3258,16.29,9.275862443887324e-05
3259,16.295,9.257287673620262e-05
3260,16.3,9.21105050178636e-05
3261,16.305,9.137962126070113e-05
3262,16.31,9.038896470264355e-05
3263,16.315,8.91478597905042e-05
3264,16.32,8.766617332835438e-05
3265,16.325,8.595427097863807e-05
3266,16.330000000000002,8.402297326688248e-05
3267,16.335,8.188351123909299e-05
3268,16.34,7.954748191780708e-05
3269,16.345,7.702680370037409e-05
3270,16.35,7.43336718395714e-05
3271,16.355,7.148051414309598e-05
3272,16.36,6.847994702447116e-05
3273,16.365000000000002,6.53447320335703e-05
3274,16.37,6.208773299066028e-05
3275,16.375,5.8721873842510635e-05
3276,16.38,5.526009735427954e-05
3277,16.385,5.171532474574568e-05
3278,16.39,4.8100416374405214e-05
3279,16.395,4.4428133562502884e-05
3280,16.4,4.071110165915606e-05
3281,16.405,3.696177442240714e-05
3282,16.41,3.319239980032061e-05
3283,16.415,2.941498718337911e-05
3284,16.42,2.564127619444151e-05
3285,16.425,2.1882707076207584e-05
3286,16.43,1.8150392729250495e-05
3287,16.435,1.4455092447652504e-05
3288,16.44,1.0807187392586988e-05
3289,16.445,7.216657837870247e-06
3290,16.45,3.6930622150586317e-06
3291,16.455000000000002,2.4551797943105085e-07
3292,16.46,-3.1173156879892947e-06
3293,16.465,-6.387253333473384e-06
3294,16.47,-9.556596835683909e-06
3295,16.475,-1.2618147165595909e-05
3296,16.48,-1.5565214309927502e-05
3297,16.485,-1.8391625372112362e-05
3298,16.490000000000002,-2.1091730870329828e-05
3299,16.495,-2.366040925715208e-05
3300,16.5,-2.6093069690504116e-05
3301,16.505,-2.8385653090168422e-05
3302,16.51,-3.053463151883515e-05
3303,16.515,-3.2537005930704695e-05
3304,16.52,-3.4390302335002466e-05
3305,16.525,-3.609256642533034e-05
3306,16.53,-3.764235672944363e-05
3307,16.535,-3.903873633732017e-05
3308,16.54,-4.028126326841358e-05
3309,16.545,-4.136997954166862e-05
3310,16.55,-4.230539901457256e-05
3311,16.555,-4.3088494059490095e-05
3312,16.56,-4.3720681147583935e-05
3313,16.565,-4.4203805412475615e-05
3314,16.57,-4.454012426690451e-05
3315,16.575,-4.4732290147054404e-05
3316,16.580000000000002,-4.4783332459965144e-05
3317,16.585,-4.469663881013617e-05
3318,16.59,-4.447593558178974e-05
3319,16.595,-4.4125267953297214e-05
3320,16.6,-4.3648979420472675e-05
3321,16.605,-4.3051690904453764e-05
3322,16.61,-4.233827952006417e-05
3323,16.615000000000002,-4.151385707913865e-05
3324,16.62,-4.058374840256972e-05
3325,16.625,-3.955346951349295e-05
3326,16.63,-3.842870578265039e-05
3327,16.635,-3.7215290095252726e-05
3328,16.64,-3.5919181107088e-05
3329,16.645,-3.4546441655346786e-05
3330,16.65,-3.310321738768844e-05
3331,16.655,-3.1595715670917316e-05
3332,16.66,-3.003018483795203e-05
3333,16.665,-2.841289382944732e-05
3334,16.67,-2.6750112283704585e-05
3335,16.675,-2.5048091125785044e-05
3336,16.68,-2.3313043703858554e-05
3337,16.685,-2.1551127517919097e-05
3338,16.69,-1.9768426583120103e-05
3339,16.695,-1.797093446662097e-05
3340,16.7,-1.6164538034139532e-05
3341,16.705000000000002,-1.4355001939011723e-05
3342,16.71,-1.2547953883440543e-05
3343,16.715,-1.0748870678524461e-05
3344,16.72,-8.963065126434375e-06
3345,16.725,-7.195673744880996e-06
3346,16.73,-5.451645351033387e-06
3347,16.735,-3.7357305186895357e-06
3348,16.740000000000002,-2.0524719195851292e-06
3349,16.745,-4.0619555664434505e-07
3350,16.75,1.1989971060932649e-06
3351,16.755,2.759236114990921e-06
3352,16.76,4.2708891008002385e-06
3353,16.765,5.730566458941982e-06
3354,16.77,7.1351256425671234e-06
3355,16.775,8.48167457757917e-06
3356,16.78,9.767574211252448e-06
3357,16.785,1.0990440208540108e-05
3358,16.79,1.2148143812507082e-05
3359,16.795,1.3238811887444153e-05
3360,16.8,1.4260826165447598e-05
3361,16.805,1.5212821719087935e-05
3362,16.81,1.609368468472249e-05
3363,16.815,1.6902549262728807e-05
3364,16.82,1.7638794022516458e-05
3365,16.825,1.830203754166243e-05
3366,16.830000000000002,1.889213340981258e-05
3367,16.835,1.9409164629323066e-05
3368,16.84,1.985343744554816e-05
3369,16.845,2.0225474640717233e-05
3370,16.85,2.0526008326150106e-05
3371,16.855,2.0755972268242638e-05
3372,16.86,2.0916493784184573e-05
3373,16.865000000000002,2.1008885243827077e-05
3374,16.87,2.1034635214470978e-05
3375,16.875,2.099539928539783e-05
3376,16.88,2.0892990609128088e-05
3377,16.885,2.0729370196339726e-05
3378,16.89,2.0506637001124557e-05
3379,16.895,2.02270178330414e-05
3380,16.9,1.9892857132011192e-05
3381,16.905,1.9506606641569534e-05
3382,16.91,1.9070815015499248e-05
3383,16.915,1.8588117392026153e-05
3384,16.92,1.8061224969059226e-05
3385,16.925,1.7492914613150923e-05
3386,16.93,1.6886018533762958e-05
3387,16.935,1.6243414053510198e-05
3388,16.94,1.5568013503912453e-05
3389,16.945,1.4862754275040438e-05
3390,16.95,1.4130589046213575e-05
3391,16.955000000000002,1.337447622362511e-05
3392,16.96,1.2597370609511145e-05
3393,16.965,1.1802214326003268e-05
3394,16.97,1.0991928015466224e-05
3395,16.975,1.0169402337742609e-05
3396,16.98,9.337489783130715e-06
3397,16.985,8.498996818540695e-06
3398,16.990000000000002,7.656676382735705e-06
3399,16.995,6.8132207450485185e-06
3400,17.0,5.971254740444444e-06
3401,17.005,5.1333293923325125e-06
3402,17.01,4.301915932873266e-06
3403,17.015,3.479400229223815e-06
3404,17.02,2.668077622474748e-06
3405,17.025,1.870148184674182e-06
3406,17.03,1.087712397836328e-06
3407,17.035,3.227672574016504e-07
3408,17.04,-4.227971987849923e-07
3409,17.045,-1.1472009362709366e-06
3410,17.05,-1.8487765461851436e-06
3411,17.055,-2.525971446773609e-06
3412,17.06,-3.17734966841811e-06
3413,17.065,-3.8015932275172837e-06
3414,17.07,-4.397503095772872e-06
3415,17.075,-4.963999772484631e-06
3416,17.080000000000002,-5.500123468550345e-06
3417,17.085,-6.005033911833972e-06
3418,17.09,-6.4780097845162255e-06
3419,17.095,-6.918447803924434e-06
3420,17.1,-7.325861459142441e-06
3421,17.105,-7.699879416480328e-06
3422,17.11,-8.040243607566349e-06
3423,17.115000000000002,-8.346807014479629e-06
3424,17.12,-8.619531166886357e-06
3425,17.125,-8.858483366686936e-06
3426,17.13,-9.063833656109136e-06
3427,17.135,-9.235851545562298e-06
3428,17.14,-9.374902517930094e-06
3429,17.145,-9.481444326203263e-06
3430,17.150000000000002,-9.55602310154768e-06
3431,17.155,-9.599269289115892e-06
3432,17.16,-9.611893428911773e-06
3433,17.165,-9.594681799094829e-06
3434,17.17,-9.548491939068343e-06
3435,17.175,-9.474248069614309e-06
3436,17.18,-9.372936427205466e-06
3437,17.185,-9.245600529420351e-06
3438,17.19,-9.093336388218668e-06
3439,17.195,-8.917287687424646e-06
3440,17.2,-8.718640940596917e-06
3441,17.205000000000002,-8.498620644974772e-06
3442,17.21,-8.258484446840177e-06
3443,17.215,-7.999518333172246e-06
3444,17.22,-7.723031863998348e-06
3445,17.225,-7.430353459310908e-06
3446,17.23,-7.122825753924743e-06
3447,17.235,-6.801801033008633e-06
3448,17.240000000000002,-6.468636760470538e-06
3449,17.245,-6.124691211773597e-06
3450,17.25,-5.771319222068102e-06
3451,17.255,-5.409868059907595e-06
3452,17.26,-5.041673436131694e-06
3453,17.265,-4.668055656815579e-06
3454,17.27,-4.2903159284879185e-06
3455,17.275000000000002,-3.909732823120592e-06
3456,17.28,-3.527558909698094e-06
3457,17.285,-3.145017558440834e-06
3458,17.29,-2.7632999230582756e-06
3459,17.295,-2.383562105722071e-06
3460,17.3,-2.0069225087073108e-06
3461,17.305,-1.6344593759860458e-06
3462,17.31,-1.2672085273410682e-06
3463,17.315,-9.061612869237166e-07
3464,17.32,-5.52262607477921e-07
3465,17.325,-2.0640939082880045e-07
3466,17.330000000000002,1.305509954259185e-07
3467,17.335,4.578220056714886e-07
3468,17.34,7.746590097618911e-07
3469,17.345,1.0803701940752362e-06
3470,17.35,1.3743172725403067e-06
3471,17.355,1.655916010584693e-06
3472,17.36,1.9246365654454865e-06
3473,17.365000000000002,2.1800036467850443e-06
3474,17.37,2.42159650200922e-06
3475,17.375,2.6490487311235574e-06
3476,17.38,2.8620479363635577e-06
3477,17.385,3.0603352122215487e-06
3478,17.39,3.2437044818390416e-06
3479,17.395,3.4120016860604575e-06
3480,17.400000000000002,3.5651238317371924e-06
3481,17.405,3.703017906127362e-06
3482,17.41,3.825679664487045e-06
3483,17.415,3.933152298153713e-06
3484,17.42,4.0255249905784406e-06
3485,17.425,4.10293136895002e-06
3486,17.43,4.165547859144608e-06
3487,17.435,4.2135919518456064e-06
3488,17.44,4.247320387732109e-06
3489,17.445,4.267027269688007e-06
3490,17.45,4.273042109980104e-06
3491,17.455000000000002,4.265727820350335e-06
3492,17.46,4.245478652936062e-06
3493,17.465,4.212718099853125e-06
3494,17.47,4.167896759195079e-06
3495,17.475,4.111490175119118e-06
3496,17.48,4.043996659522901e-06
3497,17.485,3.965935102693199e-06
3498,17.490000000000002,3.877842780130367e-06
3499,17.495,3.7802731625659653e-06
3500,17.5,7.462613014351419e-19
